id,category,legacy_path,source_en,source_jp,source_tw,ru_proposed,ru_approved
equipment_category.0,equipment_category,EquipData[*][0][0][0],1H Sword,片手剣,單手劍,,
equipment_category.1,equipment_category,EquipData[*][1][0][0],2H Sword,両手剣,雙手劍,,
equipment_category.2,equipment_category,EquipData[*][2][0][0],1H Axe,片手斧,單手斧,,
equipment_category.3,equipment_category,EquipData[*][3][0][0],2H Axe,両手斧,雙手斧,,
equipment_category.4,equipment_category,EquipData[*][4][0][0],1H Spear,片手槍,單手槍,,
equipment_category.5,equipment_category,EquipData[*][5][0][0],2H Spear,両手槍,雙手槍,,
equipment_category.6,equipment_category,EquipData[*][6][0][0],Dagger,短剣,短劍,,
equipment_category.7,equipment_category,EquipData[*][7][0][0],Knuckle,格闘,格鬥,,
equipment_category.8,equipment_category,EquipData[*][8][0][0],Bow,弓,弓,,
equipment_category.9,equipment_category,EquipData[*][9][0][0],Crossbow,弩,十字弩,,
equipment_category.10,equipment_category,EquipData[*][10][0][0],1H Hammer,片手鈍器,單手棍,,
equipment_category.11,equipment_category,EquipData[*][11][0][0],2H Hammer,両手鈍器,雙手棍,,
equipment_category.12,equipment_category,EquipData[*][12][0][0],1H Wand,片手杖,單手杖,,
equipment_category.13,equipment_category,EquipData[*][13][0][0],2H Wand,両手杖,雙手杖,,
equipment_category.20,equipment_category,EquipData[*][20][0][0],Shield,盾,盾牌,,
equipment_category.30,equipment_category,EquipData[*][30][0][0],Helmet,ヘルメット,頭盔,,
equipment_category.31,equipment_category,EquipData[*][31][0][0],Torso,トーソ,胸部,,
equipment_category.32,equipment_category,EquipData[*][32][0][0],Grove,グローブ,手套,,
equipment_category.33,equipment_category,EquipData[*][33][0][0],Kuisu,クィス,褲子,,
equipment_category.34,equipment_category,EquipData[*][34][0][0],Boots,ブーツ,靴子,,
equipment_category.35,equipment_category,EquipData[*][35][0][0],Cloak,マント,披風,,
equipment_category.40,equipment_category,EquipData[*][40][0][0],Earring,イヤリング,耳環,,
equipment_category.41,equipment_category,EquipData[*][41][0][0],Necklace,ネックレス,項鍊,,
equipment_category.42,equipment_category,EquipData[*][42][0][0],Belt,ベルト,腰帶,,
equipment_category.43,equipment_category,EquipData[*][43][0][0],Ring,指輪,戒指,,
equipment.0.1,equipment,EquipData[*][0][1][0],(Treat Bullinger),トリートブリンガー,(治療布林格),,
equipment.0.2,equipment,EquipData[*][0][2][0],Short Sword,ショートソード,(短劍),,
equipment.0.3,equipment,EquipData[*][0][3][0],Falchion,ファルシオン,(刀),,
equipment.0.4,equipment,EquipData[*][0][4][0],Rapier,レイピア,(劍桿織機),,
equipment.0.5,equipment,EquipData[*][0][5][0],Long Sword,ロングソード,(長劍),,
equipment.0.6,equipment,EquipData[*][0][6][0],(Ice Sword),アイスソード,(雪劍),,
equipment.0.7,equipment,EquipData[*][0][7][0],Bronze Sword,ブロンズソード,(青銅劍),,
equipment.0.8,equipment,EquipData[*][0][8][0],Cutlass,カトラス,(短劍),,
equipment.0.9,equipment,EquipData[*][0][9][0],Saber,サーベル,(軍刀),,
equipment.0.10,equipment,EquipData[*][0][10][0],(Crystal Sword),クリスタルソード,(水晶劍),,
equipment.0.11,equipment,EquipData[*][0][11][0],(Mithril Sword),ミスリルソード,(Mythril劍),,
equipment.0.12,equipment,EquipData[*][0][12][0],(Gradius),グラディウス,(Gradius),,
equipment.0.13,equipment,EquipData[*][0][13][0],(Flame Blade),炎剣フレイムブレイド,(火焰劍火焰劍),,
equipment.0.14,equipment,EquipData[*][0][14][0],(Icicle Edge),氷剣アイシクルエッジ,(冰柱冰葉片邊緣),,
equipment.0.15,equipment,EquipData[*][0][15][0],(Lightning Edge),雷剣ライトニングエッジ,(閃電閃電劍邊緣),,
equipment.0.16,equipment,EquipData[*][0][16][0],(Venom Edge),邪剣ヴェノムエッジ,(蛇毒邪惡邊緣劍),,
equipment.0.17,equipment,EquipData[*][0][17][0],(Aaron Dight),聖剣アロンダイト,(阿龍大東劍),,
equipment.0.18,equipment,EquipData[*][0][18][0],(Chaos Sword),魔剣ケイオスソード,(混沌劍惡魔之劍),,
equipment.0.19,equipment,EquipData[*][0][19][0],(Gradius),グラディウス,(Gradius),,
equipment.0.20,equipment,EquipData[*][0][20][0],(Gradius S),グラディウスＳ,(Gradius S),,
equipment.0.21,equipment,EquipData[*][0][21][0],(Gradius A),グラディウスＡ,(Gradius A),,
equipment.0.22,equipment,EquipData[*][0][22][0],(Blood Shed),妖剣ブラッドシェッド,(鮮血妖剣),,
equipment.0.23,equipment,EquipData[*][0][23][0],(Gallatin),宝剣ガラティン,(加拉廷劍),,
equipment.0.24,equipment,EquipData[*][0][24][0],(Grand Jerio),衝剣グランドジェリオ,(大Jerio衝剣),,
equipment.0.25,equipment,EquipData[*][0][25][0],(Denner Sword),響剣デンナーソード,(丹納劍劍交響曲),,
equipment.0.26,equipment,EquipData[*][0][26][0],(Leptis),撃剣レプティス,(Leptis撃剣),,
equipment.0.27,equipment,EquipData[*][0][27][0],(Rafengaru),華剣ラフェンガル,(Rafengaru),,
equipment.0.28,equipment,EquipData[*][0][28][0],(Rune Sword),ルーンソード,(符文劍),,
equipment.0.29,equipment,EquipData[*][0][29][0],(Grosses Messer),グロッセスメッサー,(梅塞爾 Gurossesu),,
equipment.1.1,equipment,EquipData[*][1][1][0],(Advanced Large Two Handed Sword),新鋭のツヴァイハンダー,(Zwei先進半田),,
equipment.1.2,equipment,EquipData[*][1][2][0],Claymore,クレイモア,(克利莫爾),,
equipment.1.3,equipment,EquipData[*][1][3][0],Zanbato,斬馬刀,(馬劍劍),,
equipment.1.4,equipment,EquipData[*][1][4][0],Flammenschwert,フランメンシュヴェルト,(Furanmenshu世界報),,
equipment.1.5,equipment,EquipData[*][1][5][0],Bastard Sword,バスタードソード,(重劍),,
equipment.1.6,equipment,EquipData[*][1][6][0],(Blood Sword),ブラッドソード,(血之劍),,
equipment.1.7,equipment,EquipData[*][1][7][0],Zweihander,ツヴァイハンダー,(Zwei半田),,
equipment.1.8,equipment,EquipData[*][1][8][0],Broad Sword,ブロードソード,(闊劍),,
equipment.1.9,equipment,EquipData[*][1][9][0],(Revatein),炎剣レーヴァテイン,(燃燒的劍 Revatein),,
equipment.1.10,equipment,EquipData[*][1][10][0],Iceberg,氷剣アイスベルグ,(冰伯格冰之刃),,
equipment.1.11,equipment,EquipData[*][1][11][0],(Bulk Resonance),雷剣バルクレゾナンス,(散裝共振閃電之劍),,
equipment.1.12,equipment,EquipData[*][1][12][0],(Grand Guignol),邪剣グランギニョール,(大吉尼奧爾邪惡之劍),,
equipment.1.13,equipment,EquipData[*][1][13][0],(Excalibur),聖剣エクスカリバー,(神劍劍),,
equipment.1.14,equipment,EquipData[*][1][14][0],(Knight Varugaizu),魔剣ナイトヴァルガイズ,(瓦爾男生之夜神劍),,
equipment.1.15,equipment,EquipData[*][1][15][0],(Horse Slayer Sword S),斬馬刀真打,(削減劍真打馬),,
equipment.1.16,equipment,EquipData[*][1][16][0],Broad Sword,ブロードソード,(闊劍),,
equipment.1.17,equipment,EquipData[*][1][17][0],Broad Sword S,ブロードソードＳ,(布洛德劍),,
equipment.1.18,equipment,EquipData[*][1][18][0],Broad Sword A,ブロードソードＡ,(阿闊劍),,
equipment.1.19,equipment,EquipData[*][1][19][0],(Floret Brand),妖剣フロレブランド,(轟動妖剣品牌),,
equipment.1.20,equipment,EquipData[*][1][20][0],(Gaia Nova),宝剣ガイアノヴァ,(新星蓋亞劍),,
equipment.1.21,equipment,EquipData[*][1][21][0],(Winkel Hult),衝剣ヴィンケルハルト,(溫克爾衝剣霍特),,
equipment.1.22,equipment,EquipData[*][1][22][0],(Sackbut),響剣サックバット,(劍交響樂團¸低音喇叭),,
equipment.1.23,equipment,EquipData[*][1][23][0],(Mystras),撃剣ミストラス,(Mystras撃剣),,
equipment.1.24,equipment,EquipData[*][1][24][0],(Iberifu),華剣イベリーフ,(Iberifu),,
equipment.1.25,equipment,EquipData[*][1][25][0],(Howling Sword),ハウリングソード,(嚎叫劍),,
equipment.2.1,equipment,EquipData[*][2][1][0],Axe,アックス,(斧頭),,
equipment.2.2,equipment,EquipData[*][2][2][0],Hand Axe,ハンドアックス,(手斧),,
equipment.2.3,equipment,EquipData[*][2][3][0],Francisca,フランキスカ,(基什卡法國),,
equipment.2.4,equipment,EquipData[*][2][4][0],(Bronze Axe),ブロンズアックス,(青銅斧),,
equipment.2.5,equipment,EquipData[*][2][5][0],Crowbill,クロウビル,(條例草案克羅),,
equipment.2.6,equipment,EquipData[*][2][6][0],Broad Axe,ブロードアックス,(布羅德阿克塞),,
equipment.2.7,equipment,EquipData[*][2][7][0],(Larva Axe),炎斧ラーバアクス,(斧消防斧幼蟲),,
equipment.2.8,equipment,EquipData[*][2][8][0],Avalanche Bolt,氷斧アバランチボルト,(冰鎬螺栓雪崩),,
equipment.2.9,equipment,EquipData[*][2][9][0],(Iksi Axe),雷斧イクシードアクス,(閃電斧斧Ikushido),,
equipment.2.10,equipment,EquipData[*][2][10][0],(damuneito),邪斧ダムネイトアクス,(邪惡之斧斧Damuneito),,
equipment.2.11,equipment,EquipData[*][2][11][0],(Alteon Axe),聖斧アルデオンアクス,(斧斧Arudeon街),,
equipment.2.12,equipment,EquipData[*][2][12][0],(Lars Hatchett),魔斧ラースハチェット,(拉爾斯惡魔斧哈奇特),,
equipment.2.13,equipment,EquipData[*][2][13][0],(firugangu),妖斧フィルガング,(妖斧Firugangu),,
equipment.2.14,equipment,EquipData[*][2][14][0],(Mirage Axe),宝斧ミラージュアクス,(幻影斧斧寶),,
equipment.2.15,equipment,EquipData[*][2][15][0],(Innocence Murder),衝斧イノセンスマーダー,(天真謀殺衝斧),,
equipment.2.16,equipment,EquipData[*][2][16][0],(Yoberu Hatchett),響斧ヨーベルハチェット,(阿克塞哈奇特交響樂團 Yoberu),,
equipment.2.17,equipment,EquipData[*][2][17][0],(Volubilis),撃斧ヴォルビリス,(Volubilis撃斧),,
equipment.2.18,equipment,EquipData[*][2][18][0],(Jigitasu),華斧ジギータス,(Jigitasu),,
equipment.2.19,equipment,EquipData[*][2][19][0],(Battle Axe),バトルアックス,(戰斧),,
equipment.2.20,equipment,EquipData[*][2][20][0],(Tote’s Beak),トートズビーク,(比克Totozu),,
equipment.3.1,equipment,EquipData[*][3][1][0],(Advanced Assasinator Axe),新鋭のターミネイター,(高級 Tamineita),,
equipment.3.2,equipment,EquipData[*][3][2][0],War Scythe,ウォーサイス,(戰爭鐮刀),,
equipment.3.3,equipment,EquipData[*][3][3][0],Vorpal Axe,ネックスライサー,(頸部切片機),,
equipment.3.4,equipment,EquipData[*][3][4][0],Beaked Axe,ビークドアックス,(Bikudo斧),,
equipment.3.5,equipment,EquipData[*][3][5][0],Pole Axe,ポールアックス,(極戰斧),,
equipment.3.6,equipment,EquipData[*][3][6][0],Terminator,ターミネイター,(Tamineita),,
equipment.3.7,equipment,EquipData[*][3][7][0],Dane Axe,デーンアックス,(戴恩斧),,
equipment.3.8,equipment,EquipData[*][3][8][0],(Kaiser Melt),炎斧メルトカイザー,(火焰凱撒融化斧頭),,
equipment.3.9,equipment,EquipData[*][3][9][0],(Ice Tyrant),氷斧アイスタイラント,(冰鎬冰暴君),,
equipment.3.10,equipment,EquipData[*][3][10][0],(Bull Breaker),雷斧ブルブレイカー,(公牛斷路器雷擊斧),,
equipment.3.11,equipment,EquipData[*][3][11][0],(Grave Digger),邪斧グレイブディガー,(掘墓人邪惡之斧),,
equipment.3.12,equipment,EquipData[*][3][12][0],(Zeke Bullinger),聖斧ジークブリンガー,(齊克布凌格聖斧),,
equipment.3.13,equipment,EquipData[*][3][13][0],(Dark Disaster),魔斧ダークディザスター,(阿克塞黑暗魔法災害),,
equipment.3.14,equipment,EquipData[*][3][14][0],Dane Axe,デーンアックス,(戴恩斧),,
equipment.3.15,equipment,EquipData[*][3][15][0],Dane Axe S,デーンアックスＳ,(戴恩斧 S),,
equipment.3.16,equipment,EquipData[*][3][16][0],Dane Axe A,デーンアックスＡ,(戴恩斧 A),,
equipment.3.17,equipment,EquipData[*][3][17][0],(furottizakkusu),妖斧フロッティザックス,(薩克斯 Furotti妖斧),,
equipment.3.18,equipment,EquipData[*][3][18][0],(Empress Feather),宝斧エンプレスフェザー,(皇后珍惜羽毛斧),,
equipment.3.19,equipment,EquipData[*][3][19][0],(Glory Decade),衝斧グローリーディケイド,(十年光榮衝斧),,
equipment.3.20,equipment,EquipData[*][3][20][0],(Emile),響斧エミール,(埃米爾交響樂團斧頭),,
equipment.3.21,equipment,EquipData[*][3][21][0],(Jugantiya),撃斧ジュガンティーヤ,(剔牙撃斧Jugan),,
equipment.3.22,equipment,EquipData[*][3][22][0],(Boahaudo),華斧ボアハウド,(Boahaudo),,
equipment.3.23,equipment,EquipData[*][3][23][0],(Bloody Scyth),ブラッディサイス,(血淋淋的鐮刀),,
equipment.3.24,equipment,EquipData[*][3][24][0],(Grate Axe),グレートアックス,(巨斧),,
equipment.3.25,equipment,EquipData[*][3][25][0],(Death Scythe),デスサイズ,(死神鐮刀),,
equipment.4.1,equipment,EquipData[*][4][1][0],Wooden Lance,ウッドランス,(蘭斯木),,
equipment.4.2,equipment,EquipData[*][4][2][0],Tournament Lance,トーナメントランス,(蘭斯賽),,
equipment.4.3,equipment,EquipData[*][4][3][0],(Icicle Lance),アイシクルランス,(冰柱蘭斯),,
equipment.4.4,equipment,EquipData[*][4][4][0],(Bounty Lance),バウンティランス,(蘭斯賞金),,
equipment.4.5,equipment,EquipData[*][4][5][0],Light Lance,ライトランス,(蘭斯賴特),,
equipment.4.6,equipment,EquipData[*][4][6][0],Heavy Lance,ヘビーランス,(重型蘭斯),,
equipment.4.7,equipment,EquipData[*][4][7][0],(Vermilion Lance),炎槍ヴァーミリオンランス,(火焰槍槍弗米利恩),,
equipment.4.8,equipment,EquipData[*][4][8][0],Saylenburg,氷槍セイレンボルグ,(警報器博格冰槍),,
equipment.4.9,equipment,EquipData[*][4][9][0],(Sting Ray),雷槍レイスティング,(閃電槍斯廷雷),,
equipment.4.10,equipment,EquipData[*][4][10][0],(Seoul Rigert),邪槍ソウルリガート,(Rigato邪惡的靈魂矛),,
equipment.4.11,equipment,EquipData[*][4][11][0],(Lady Eight Lance),聖槍レディエイトランス,(八女槍槍街),,
equipment.4.12,equipment,EquipData[*][4][12][0],(Victim Horn),魔槍ヴィクティムホーン,(魔鬼喇叭槍受害者),,
equipment.4.13,equipment,EquipData[*][4][13][0],(Tyrant Stub),妖槍タイラントスタッブ,(暴君存根妖槍),,
equipment.4.14,equipment,EquipData[*][4][14][0],(Zodiac Lance),宝槍ゾディアックランス,(十二生肖槍槍寶),,
equipment.4.15,equipment,EquipData[*][4][15][0],(Einhorn),衝槍アインホルン,(艾因霍恩衝槍),,
equipment.4.16,equipment,EquipData[*][4][16][0],(Tonometa Lance),響槍トノメータランス,(蘭斯蘭斯 Tonometa交響曲),,
equipment.4.17,equipment,EquipData[*][4][17][0],(Tierradentro),撃槍ティエラデントロ,(鐵迪登特魯撃槍),,
equipment.4.18,equipment,EquipData[*][4][18][0],(Burerauddo),華槍ブレラウッド,(Burerauddo),,
equipment.4.19,equipment,EquipData[*][4][19][0],(Royal Horn),ロイヤルホーン,(皇家號角),,
equipment.4.20,equipment,EquipData[*][4][20][0],(Knight Lance),ナイトランス,(蘭斯騎士),,
equipment.5.1,equipment,EquipData[*][5][1][0],(Advanced Piercing Spear),新鋭のパイク,(派克先進),,
equipment.5.2,equipment,EquipData[*][5][2][0],Spear,スピア,(矛),,
equipment.5.3,equipment,EquipData[*][5][3][0],Trident,トライデント,(三叉戟),,
equipment.5.4,equipment,EquipData[*][5][4][0],Lochaber Axe,ロコバーアックス,(阿克塞洛科酒吧),,
equipment.5.5,equipment,EquipData[*][5][5][0],Brandistock,ブランディストック,(白蘭地庫存),,
equipment.5.6,equipment,EquipData[*][5][6][0],Spetum,スペタム,(Supetamu),,
equipment.5.7,equipment,EquipData[*][5][7][0],Ice Spear,アイススピア,(冰槍術),,
equipment.5.8,equipment,EquipData[*][5][8][0],Pike,パイク,(梭魚),,
equipment.5.9,equipment,EquipData[*][5][9][0],(Flair Sting),炎槍フレアスティング,(刺矛火焰彈),,
equipment.5.10,equipment,EquipData[*][5][10][0],Hale Stinger,氷槍ヘイルスティンガー,(毒刺冰槍黑爾),,
equipment.5.11,equipment,EquipData[*][5][11][0],(Penny Horn),雷槍エーンホルン,(腕踝針角閃電槍),,
equipment.5.12,equipment,EquipData[*][5][12][0],(Forbidden Tale),邪槍フォビドゥンテイル,(故宮邪惡矛尾),,
equipment.5.13,equipment,EquipData[*][5][13][0],(Brionac),聖槍ブリューナク,(Buryunaku斯皮爾街),,
equipment.5.14,equipment,EquipData[*][5][14][0],(Dread Spear),魔槍ドレッドスピアー,(邪惡的恐懼之矛矛),,
equipment.5.15,equipment,EquipData[*][5][15][0],Ice Spear,アイススピア,(冰槍術),,
equipment.5.16,equipment,EquipData[*][5][16][0],Ice Spear S,アイススピアＳ,(冰槍術 S),,
equipment.5.17,equipment,EquipData[*][5][17][0],Ice Spear A,アイススピアＡ,(冰槍術 A),,
equipment.5.18,equipment,EquipData[*][5][18][0],(Trance Fix),妖槍トランスフィクス,(恍惚修復妖槍),,
equipment.5.19,equipment,EquipData[*][5][19][0],(Mistletainn),宝槍ミストルテイン,(斯皮爾 Misutorutein寶),,
equipment.5.20,equipment,EquipData[*][5][20][0],(Clan Wurm),衝槍クランヴルム,(衝槍 Kuranvurumu),,
equipment.5.21,equipment,EquipData[*][5][21][0],(Fonoto Chart),響槍フォノトグラフ,(斯皮爾 Fonoto圖交響曲),,
equipment.5.22,equipment,EquipData[*][5][22][0],(Banchien),撃槍バーンチエン,(錢撃槍巴恩),,
equipment.5.23,equipment,EquipData[*][5][23][0],(Remogurasu),華槍レーモグラス,(Remogurasu),,
equipment.5.24,equipment,EquipData[*][5][24][0],(Fochado),フォーチャード,(對於查德),,
equipment.5.25,equipment,EquipData[*][5][25][0],(Toriaina),トリアイナ,(Toriaina),,
equipment.5.26,equipment,EquipData[*][5][26][0],(Zephyrus),ゼピュロス,(善風),,
equipment.5.27,equipment,EquipData[*][5][27][0],(Zephyrus R),ゼピュロスＲ,(善風 R),,
equipment.5.28,equipment,EquipData[*][5][28][0],(Zephyrus SR),ゼピュロスＳＲ,(善風 SR),,
equipment.6.1,equipment,EquipData[*][6][1][0],(Advanced Blade of Darkness),新鋭のダーク,(暗的藝術),,
equipment.6.2,equipment,EquipData[*][6][2][0],Knife,ナイフ,(刀),,
equipment.6.3,equipment,EquipData[*][6][3][0],(Silver Knife),シルバーナイフ,(銀刀),,
equipment.6.4,equipment,EquipData[*][6][4][0],Dagger,ダガー,(達格),,
equipment.6.5,equipment,EquipData[*][6][5][0],Stiletto,スティレット,(短劍),,
equipment.6.6,equipment,EquipData[*][6][6][0],(Kukuri),ククリ,(Kukri),,
equipment.6.7,equipment,EquipData[*][6][7][0],Kindjal,キンドジャール,(金德雅爾),,
equipment.6.8,equipment,EquipData[*][6][8][0],(Crysknife),クリスナイフ,(克里斯刀),,
equipment.6.9,equipment,EquipData[*][6][9][0],Rondel,ロンデル,(羅德爾),,
equipment.6.10,equipment,EquipData[*][6][10][0],Main-Gauche,マンゴーシュ,(男子戈什),,
equipment.6.11,equipment,EquipData[*][6][11][0],Dirk,ダーク,(黑暗),,
equipment.6.12,equipment,EquipData[*][6][12][0],(sarmouse),炎剣サーマウス,(主席先生鼠標火焰的劍),,
equipment.6.13,equipment,EquipData[*][6][13][0],Graphens,氷剣グラフェンス,(冰之刃Gurafensu),,
equipment.6.14,equipment,EquipData[*][6][14][0],(Thunder Thrust),雷剣サンダースラスト,(雷電推力劍),,
equipment.6.15,equipment,EquipData[*][6][15][0],(Phantom Gays),邪剣ファントムゲイズ,(幻影劍¸邪惡的凝視),,
equipment.6.16,equipment,EquipData[*][6][16][0],(Durandal),聖剣デュランダル,(Durandal劍),,
equipment.6.17,equipment,EquipData[*][6][17][0],(Ablivion),魔剣アブリヴィオン,(魔劍 Aburivion),,
equipment.6.18,equipment,EquipData[*][6][18][0],(Assteyn),妖剣アステイン,(妖剣Asutein),,
equipment.6.19,equipment,EquipData[*][6][19][0],(Curtana),宝剣クルタナ,(劍 Kurutana),,
equipment.6.20,equipment,EquipData[*][6][20][0],(Invisible Vector),衝剣インビジブルベクター,(無形的載體衝剣),,
equipment.6.21,equipment,EquipData[*][6][21][0],(Treble),響剣トレブル,(劍交響樂團高音),,
equipment.6.22,equipment,EquipData[*][6][22][0],(Suomerinna),撃剣スオメリンナ,(撃剣Suomerinna),,
equipment.6.23,equipment,EquipData[*][6][23][0],(Seibarisu),華剣セイバリス,(Seibarisu),,
equipment.6.24,equipment,EquipData[*][6][24][0],(Flame Tongue),フレイムタン,(火舌),,
equipment.6.25,equipment,EquipData[*][6][25][0],(Scramasax),スクラマサックス,(Sukuramasakkusu),,
equipment.7.1,equipment,EquipData[*][7][1][0],Knuckle,ナックル,(指關節),,
equipment.7.2,equipment,EquipData[*][7][2][0],Cestus,セスタス,(拳套),,
equipment.7.3,equipment,EquipData[*][7][3][0],(Lion Hand),らいおんはんど,(獅子手),,
equipment.7.4,equipment,EquipData[*][7][4][0],(Bear Knuckle),ベアナックル,(裸轉向節),,
equipment.7.5,equipment,EquipData[*][7][5][0],(Bagh Nakh),バグナグ,(Bagunagu),,
equipment.7.6,equipment,EquipData[*][7][6][0],Buster Knuckle,ナックルダスター,(指節除塵器),,
equipment.7.7,equipment,EquipData[*][7][7][0],Claw,クロー,(烏鴉),,
equipment.7.8,equipment,EquipData[*][7][8][0],Mithril Claw,ミスリルクロー,(秘銀爪),,
equipment.7.9,equipment,EquipData[*][7][9][0],(Blake Reeve),炎爪ブレイクリーブ,(克利夫布雷火爪),,
equipment.7.10,equipment,EquipData[*][7][10][0],Fang Glacier,氷爪ファンググレイシャー,(冰川冰芳爪),,
equipment.7.11,equipment,EquipData[*][7][11][0],(Riot Fang),雷爪ライオットファング,(防暴爪雷芳),,
equipment.7.12,equipment,EquipData[*][7][12][0],(Bloody Sever),邪爪ブラッディセヴァー,(Sever的血腥邪惡的指甲),,
equipment.7.13,equipment,EquipData[*][7][13][0],(Last Crusade),聖爪ラストクルセイド,(最後釘十字軍聖),,
equipment.7.14,equipment,EquipData[*][7][14][0],(Guilty Void),魔爪ギルティヴォイド,(美甲魔術無效有罪),,
equipment.7.15,equipment,EquipData[*][7][15][0],(Cat hand),きゃっとはんど,(貓手),,
equipment.7.16,equipment,EquipData[*][7][16][0],Mithril Claw,ミスリルクロー,(秘銀爪),,
equipment.7.17,equipment,EquipData[*][7][17][0],Mithril Claw S,ミスリルクローＳ,(秘銀爪 S),,
equipment.7.18,equipment,EquipData[*][7][18][0],Mithril Claw A,ミスリルクローＡ,(秘銀爪 A),,
equipment.7.19,equipment,EquipData[*][7][19][0],(Verethragna),妖爪ウルスラグナ,(妖爪Urusuraguna),,
equipment.7.20,equipment,EquipData[*][7][20][0],(Lost Fairy),宝爪ロストフェアリー,(失落的寶藏釘童話),,
equipment.7.21,equipment,EquipData[*][7][21][0],(Stier),衝爪シュティーア,(Stier衝爪),,
equipment.7.22,equipment,EquipData[*][7][22][0],(Forte),響爪フォルテ,(复地釘交響曲),,
equipment.7.23,equipment,EquipData[*][7][23][0],(Bandiagara),撃爪バンディアガラ,(邦賈加拉撃爪),,
equipment.7.24,equipment,EquipData[*][7][24][0],(Benheruda),華爪ベンヘルーダ,(Benheruda),,
equipment.7.25,equipment,EquipData[*][7][25][0],(Katar),ジャマダハル,(Jamadaharu),,
equipment.7.26,equipment,EquipData[*][7][26][0],(Hanumatto),ハヌマット,(Hanumatto),,
equipment.8.1,equipment,EquipData[*][8][1][0],(Advanced Bow of Searing),新鋭のコンポジットボウ,(先進的複合弓),,
equipment.8.2,equipment,EquipData[*][8][2][0],(Cupid Bow),キューピッドボウ,(丘比特的弓),,
equipment.8.3,equipment,EquipData[*][8][3][0],Bow,ボウ,(弓),,
equipment.8.4,equipment,EquipData[*][8][4][0],Short Bow,ショートボウ,(短弓),,
equipment.8.5,equipment,EquipData[*][8][5][0],(Grate Bow),グレートボウ,(大弓),,
equipment.8.6,equipment,EquipData[*][8][6][0],Longbow,ロングボウ,(長弓),,
equipment.8.7,equipment,EquipData[*][8][7][0],(Sunlight Bow),サンライトボウ,(陽光弓),,
equipment.8.8,equipment,EquipData[*][8][8][0],Hunter Bow,ハンターボウ,(弓獵人),,
equipment.8.9,equipment,EquipData[*][8][9][0],Composite Shortbow,コンポジットボウ,(複合弓),,
equipment.8.10,equipment,EquipData[*][8][10][0],(Lunatic Bow),ルナティックボウ,(瘋子弓),,
equipment.8.11,equipment,EquipData[*][8][11][0],Guardian Bow,ガーディアンボウ,(監護人弓),,
equipment.8.12,equipment,EquipData[*][8][12][0],(Raid Phoenix),炎弓レイドフェニックス,(鳳凰消防拱里德),,
equipment.8.13,equipment,EquipData[*][8][13][0],Frigid Moon,氷弓フリギットムーン,(Furigitto月球冰弓),,
equipment.8.14,equipment,EquipData[*][8][14][0],(Glowworm Crest),雷弓グロームクレスト,(閃電弓雷斯特Guromu),,
equipment.8.15,equipment,EquipData[*][8][15][0],(Hell Falena),邪弓ヘルファレーナ,(地獄邪惡拱Farena),,
equipment.8.16,equipment,EquipData[*][8][16][0],(zenongurifu),聖弓ゼノングリフ,(聖芝諾弓字形),,
equipment.8.17,equipment,EquipData[*][8][17][0],(Doom Ouroboros),魔弓ドゥームウロボロス,(末日魔弓大毒蛇),,
equipment.8.18,equipment,EquipData[*][8][18][0],Guardian Bow,ガーディアンボウ,(監護人弓),,
equipment.8.19,equipment,EquipData[*][8][19][0],Guardian Bow S,ガーディアンボウＳ,(監護人弓 S),,
equipment.8.20,equipment,EquipData[*][8][20][0],Guardian Bow A,ガーディアンボウＡ,(監護人弓 A),,
equipment.8.21,equipment,EquipData[*][8][21][0],(Brute Raven),妖弓ブルートレイヴン,(蠻力烏鴉妖弓),,
equipment.8.22,equipment,EquipData[*][8][22][0],(Gail Ivey),宝弓ゲイルアイヴィー,(蓋爾艾維寶弓),,
equipment.8.23,equipment,EquipData[*][8][23][0],(Liner Lock),衝弓ライナロック,(衝弓Rainarokku),,
equipment.8.24,equipment,EquipData[*][8][24][0],(Arupadoppia),響弓アルパドッピア,(交響樂弓Arupadoppia),,
equipment.8.25,equipment,EquipData[*][8][25][0],(Atapueruka),撃弓アタプエルカ,(撃弓Atapueruka),,
equipment.8.26,equipment,EquipData[*][8][26][0],(Bamuzerika),華弓バームゼリカ,(Bamuzerika),,
equipment.8.27,equipment,EquipData[*][8][27][0],(Haradanu),ハラダヌ,(Haradanu),,
equipment.8.28,equipment,EquipData[*][8][28][0],(Reflex Bow),リフレックスボウ,(反射弓),,
equipment.9.1,equipment,EquipData[*][9][1][0],Crossbow,クロスボウ,(弩),,
equipment.9.2,equipment,EquipData[*][9][2][0],Light Crossbow,ライトクロスボウ,(輕弩),,
equipment.9.3,equipment,EquipData[*][9][3][0],Heavy Crossbow,ヘビークロスボウ,(重弩),,
equipment.9.4,equipment,EquipData[*][9][4][0],War Crossbow,ウォークロスボウ,(戰弩),,
equipment.9.5,equipment,EquipData[*][9][5][0],(Ifrit Cross),炎弓イフリートクロス,(十字弓火魔神),,
equipment.9.6,equipment,EquipData[*][9][6][0],(Mermaid Cross),氷弓マーメイドクロス,(冰美人魚十字弓),,
equipment.9.7,equipment,EquipData[*][9][7][0],(Nephilim Cross),雷弓ネピリムクロス,(雷霆十字弓偉人),,
equipment.9.8,equipment,EquipData[*][9][8][0],(Serpent Cross),邪弓サーペントクロス,(邪惡的蛇十字弓),,
equipment.9.9,equipment,EquipData[*][9][9][0],(Unicorn Cross),聖弓ユニコーンクロス,(麒麟聖十字弓),,
equipment.9.10,equipment,EquipData[*][9][10][0],(Burial Cross),魔弓ベリアルクロス,(土葬跨魔弓),,
equipment.9.11,equipment,EquipData[*][9][11][0],(Carrefour Rain),妖弓カルフレイン,(妖弓Karufurein),,
equipment.9.12,equipment,EquipData[*][9][12][0],(Spriggan Cross),宝弓スプリガンクロス,(十字弓珍惜Spriggan),,
equipment.9.13,equipment,EquipData[*][9][13][0],(Despair Cry),衝弓ディスペアクライ,(絕望哭衝弓),,
equipment.9.14,equipment,EquipData[*][9][14][0],(Chinbassoache),響弓チンバッソアーチェ,(凱旋門交響樂團 Chinbasso弓),,
equipment.9.15,equipment,EquipData[*][9][15][0],(Kuromirushu),撃弓クロミルーシュ,(撃弓Kuromirushu),,
equipment.9.16,equipment,EquipData[*][9][16][0],(Damasutiha),華弓ダマスティハ,(Damasutiha),,
equipment.9.17,equipment,EquipData[*][9][17][0],(Arbalest),アーバレスト,(Arbalest),,
equipment.9.18,equipment,EquipData[*][9][18][0],(Trebuchet),トレビュシェット,(投石機),,
equipment.10.1,equipment,EquipData[*][10][1][0],Club,クラブ,(俱樂部),,
equipment.10.2,equipment,EquipData[*][10][2][0],(Fan-like reading),風詠みの団扇,(風扇類宓詠),,
equipment.10.3,equipment,EquipData[*][10][3][0],(Cool air fan),夕涼みの扇子,(在晚涼扇),,
equipment.10.4,equipment,EquipData[*][10][4][0],Bludgeon,ブラジオン,(Burajion),,
equipment.10.5,equipment,EquipData[*][10][5][0],Mace,メイス,(錘),,
equipment.10.6,equipment,EquipData[*][10][6][0],Iron Pole,アイアンポール,(鐵桿),,
equipment.10.7,equipment,EquipData[*][10][7][0],Flail,フレイル,(脆弱),,
equipment.10.8,equipment,EquipData[*][10][8][0],(Golden Mace),ゴールデンメイス,(黃金權杖),,
equipment.10.9,equipment,EquipData[*][10][9][0],War Hammer,ウォーハンマー,(戰鎚),,
equipment.10.10,equipment,EquipData[*][10][10][0],Dane Hammer,デーンハンマー,(戴恩錘),,
equipment.10.11,equipment,EquipData[*][10][11][0],(Eruption Mace),炎棍イラプションメイス,(梅斯棍火噴發),,
equipment.10.12,equipment,EquipData[*][10][12][0],Freezing Mace,氷棍フリージングメイス,(梅斯凍結冰棍),,
equipment.10.13,equipment,EquipData[*][10][13][0],(Vortex Mace),雷棍ボルティックメイス,(閃電權杖棍Borutikku),,
equipment.10.14,equipment,EquipData[*][10][14][0],(Garouzu Mace),邪棍ガロウズメイス,(邪惡權杖棍Garouzu),,
equipment.10.15,equipment,EquipData[*][10][15][0],(Evangile),聖棍エヴァンジール,(聖棍Evanjiru),,
equipment.10.16,equipment,EquipData[*][10][16][0],(Demolition Mace),魔棍デモリションメイス,(拆除惡魔梅斯棍),,
equipment.10.17,equipment,EquipData[*][10][17][0],Dane Hammer,デーンハンマー,(戴恩錘),,
equipment.10.18,equipment,EquipData[*][10][18][0],Dane Hammer S,デーンハンマーＳ,(戴恩錘 S),,
equipment.10.19,equipment,EquipData[*][10][19][0],Dane Hammer A,デーンハンマーＡ,(戴恩錘 A),,
equipment.10.20,equipment,EquipData[*][10][20][0],(Burial Hammer),妖棍ベリアルハンマー,(土葬錘妖棍),,
equipment.10.21,equipment,EquipData[*][10][21][0],(Crescent Lotus),宝棍クレセントロータス,(蓮花寶新月棍),,
equipment.10.22,equipment,EquipData[*][10][22][0],(Schmeltz),衝棍シュメルツ,(Schmeltz衝棍),,
equipment.10.23,equipment,EquipData[*][10][23][0],(Strauss),響棍シュトラウス,(棍施特勞斯交響樂團),,
equipment.10.24,equipment,EquipData[*][10][24][0],(Samaipata),撃棍サマイパタ,(撃棍Samaipata),,
equipment.10.25,equipment,EquipData[*][10][25][0],(Garanmoru),華棍ガランモル,(Garanmoru),,
equipment.10.26,equipment,EquipData[*][10][26][0],(Head Crusher),ヘッドクラッシャー,(頭破碎機),,
equipment.10.27,equipment,EquipData[*][10][27][0],(Morningstar),モーニングスター,(晨星),,
equipment.11.1,equipment,EquipData[*][11][1][0],(Advanced Mithril Staff),新鋭のミスリルスタッフ,(秘銀高級職員),,
equipment.11.2,equipment,EquipData[*][11][2][0],Quarterstaff,クォータースタッフ,(員工宿舍),,
equipment.11.3,equipment,EquipData[*][11][3][0],(Ceremonial wand),祭祀の杖,(祭祀魔杖),,
equipment.11.4,equipment,EquipData[*][11][4][0],Cudgel,カジェル,(Kajeru),,
equipment.11.5,equipment,EquipData[*][11][5][0],Scepter,セプター,(珽),,
equipment.11.6,equipment,EquipData[*][11][6][0],(Mithril Staff),ミスリルスタッフ,(秘銀員工),,
equipment.11.7,equipment,EquipData[*][11][7][0],(Magneet Hammer),炎棍マグニートハンマー,(消防錘棍Magunito),,
equipment.11.8,equipment,EquipData[*][11][8][0],Frozen Hammer,氷棍フローズンハンマー,(冷凍冰錘棍),,
equipment.11.9,equipment,EquipData[*][11][9][0],(Thor Hammer),雷棍トールハンマー,(雷神閃電錘​​棍),,
equipment.11.10,equipment,EquipData[*][11][10][0],(Dreadnought),邪棍ドレッドノート,(無畏邪惡棍),,
equipment.11.11,equipment,EquipData[*][11][11][0],(Judgement Callis),聖棍ジャッジメントカリス,(卡里斯街棍判決),,
equipment.11.12,equipment,EquipData[*][11][12][0],(Carnage Hammer),魔棍カルネージハンマー,(魔錘棍Karuneji),,
equipment.11.13,equipment,EquipData[*][11][13][0],Maul,モール,(購物中心),,
equipment.11.14,equipment,EquipData[*][11][14][0],Maul,モール,(購物中心),,
equipment.11.15,equipment,EquipData[*][11][15][0],Maul S,モールＳ,(購物中心 S),,
equipment.11.16,equipment,EquipData[*][11][16][0],Maul A,モールＡ,(購物中心 A),,
equipment.11.17,equipment,EquipData[*][11][17][0],(sharuboruin),妖棍シャルボルイン,(妖棍Sharuboruin),,
equipment.11.18,equipment,EquipData[*][11][18][0],(Thousand Iris),宝棍サウザンドイーリス,(千虹膜珍惜棍),,
equipment.11.19,equipment,EquipData[*][11][19][0],(Squeeze Fear),衝棍スクイーズフィアー,(擠壓恐懼衝棍),,
equipment.11.20,equipment,EquipData[*][11][20][0],(Vibura),響棍ヴィブラ,(交響樂棍Vibura),,
equipment.11.21,equipment,EquipData[*][11][21][0],(Seneganbia),撃棍セネガンビア,(撃棍Seneganbia),,
equipment.11.22,equipment,EquipData[*][11][22][0],(Kiputonippu),華棍キプトニップ,(Kiputonippu),,
equipment.11.23,equipment,EquipData[*][11][23][0],(Veteran Mall),ヴェテランモール,(老牌購物中心),,
equipment.11.24,equipment,EquipData[*][11][24][0],(Lucerne Hammer),ルーサーンハンマー,(Rusan錘),,
equipment.12.1,equipment,EquipData[*][12][1][0],(Advanced Wand of the Stars),新鋭のスターワンド,(先進星魔杖),,
equipment.12.2,equipment,EquipData[*][12][2][0],Wand,ワンド,(魔杖),,
equipment.12.3,equipment,EquipData[*][12][3][0],(Staff of bats),コウモリの杖,(員工的蝙蝠),,
equipment.12.4,equipment,EquipData[*][12][4][0],Twisted Wand,ツイストワンド,(扭曲的魔杖),,
equipment.12.5,equipment,EquipData[*][12][5][0],(Blast Wand),ブラストワンド,(高爐魔杖),,
equipment.12.6,equipment,EquipData[*][12][6][0],Whirled Wand,スワールワンド,(渦流魔杖),,
equipment.12.7,equipment,EquipData[*][12][7][0],Crescent Wand,クレセントワンド,(新月魔杖),,
equipment.12.8,equipment,EquipData[*][12][8][0],(Fairy Wand),フェアリーワンド,(仙女魔杖),,
equipment.12.9,equipment,EquipData[*][12][9][0],(Pumpkin Wand),カボチャの杖,(南瓜棒),,
equipment.12.10,equipment,EquipData[*][12][10][0],Star Wand,スターワンド,(星魔杖),,
equipment.12.11,equipment,EquipData[*][12][11][0],(Nosuferatou Wand),ノスフェラトゥワンド,(魔杖Nosuferatou),,
equipment.12.12,equipment,EquipData[*][12][12][0],(Burst Wand),炎杖バーストワンド,(突發火災魔杖魔杖),,
equipment.12.13,equipment,EquipData[*][12][13][0],(Frost Wand),氷杖フロストワンド,(霜冰魔杖魔杖),,
equipment.12.14,equipment,EquipData[*][12][14][0],(Eject Wand),雷杖イジェクトワンド,(避雷針彈射權杖),,
equipment.12.15,equipment,EquipData[*][12][15][0],(Perish Wand),邪杖ペリッシュワンド,(邪惡權杖堅持滅亡),,
equipment.12.16,equipment,EquipData[*][12][16][0],(Excellead),聖杖エクセリード,(Ekuserido神聖的工作人員),,
equipment.12.17,equipment,EquipData[*][12][17][0],(Cruel Wand),魔杖クルーエルワンド,(殘忍魔杖魔杖),,
equipment.12.18,equipment,EquipData[*][12][18][0],Seraphic Wand,セラフィックワンド,(純潔的魔杖),,
equipment.12.19,equipment,EquipData[*][12][19][0],Seraphic Wand,セラフィックワンド,(純潔的魔杖),,
equipment.12.20,equipment,EquipData[*][12][20][0],Seraphic Wand S,セラフィックワンドＳ,(純潔的魔杖 S),,
equipment.12.21,equipment,EquipData[*][12][21][0],Seraphic Wand A,セラフィックワンドＡ,(純潔的魔杖 A),,
equipment.12.22,equipment,EquipData[*][12][22][0],(Fascinate Wand),妖杖ファッシネイトワンド,(著迷妖杖魔杖),,
equipment.12.23,equipment,EquipData[*][12][23][0],(Oberon Wand),宝杖オベロンワンド,(奧伯倫棒棍寶),,
equipment.12.24,equipment,EquipData[*][12][24][0],(Harvey Rod Cone),衝杖ハーロッドコーン,(她的棒錐衝杖),,
equipment.12.25,equipment,EquipData[*][12][25][0],(Flute Toraverufu),響杖フラウトトラヴェルフ,(Toraverufu甘蔗交響樂團長笛),,
equipment.12.26,equipment,EquipData[*][12][26][0],(Cyrene),撃杖キュレネ,(塞里尼撃杖),,
equipment.12.27,equipment,EquipData[*][12][27][0],(Ekimasena),華杖エキマセナ,(Ekimasena),,
equipment.12.28,equipment,EquipData[*][12][28][0],(Vanpisshu Wand),ヴァンピッシュワンド,(魔杖Vanpisshu),,
equipment.12.29,equipment,EquipData[*][12][29][0],(Silver Wand),シルバーウォンド,(銀棒),,
equipment.12.30,equipment,EquipData[*][12][30][0],(Golden Wand),ゴールデンウォンド,(金Uondo),,
equipment.12.31,equipment,EquipData[*][12][31][0],(Titania Wand),ティタニアワンド,(鈦棒),,
equipment.13.1,equipment,EquipData[*][13][1][0],(Advanced Self-Staff),新鋭のアイオブオラクル,(甲骨文先進的眼),,
equipment.13.2,equipment,EquipData[*][13][2][0],Spirit Wand,言霊の杖,(工作人員的權力的話),,
equipment.13.3,equipment,EquipData[*][13][3][0],(Iron Staff),アイアンスタッフ,(鐵員工),,
equipment.13.4,equipment,EquipData[*][13][4][0],Ruby Rod,レッドクリスタルロッド,(紅水晶棒),,
equipment.13.5,equipment,EquipData[*][13][5][0],Philosopher Rod,ワイズマンロッド,(懷斯曼桿),,
equipment.13.6,equipment,EquipData[*][13][6][0],(Mite Staff),マイトスタッフ,(工作人員旅費),,
equipment.13.7,equipment,EquipData[*][13][7][0],Skeleton Rod,スケルトンロッド,(斯凱爾頓桿),,
equipment.13.8,equipment,EquipData[*][13][8][0],Oracle’s Eye,アイ・オブ・オラクル,(甲骨文眼),,
equipment.13.9,equipment,EquipData[*][13][9][0],(Ignite Rod),炎杖イグニートロッド,(Igunito甘蔗桿火焰),,
equipment.13.10,equipment,EquipData[*][13][10][0],(Blizzard Rod),氷杖ブリザードロッド,(暴雪棒棍冰),,
equipment.13.11,equipment,EquipData[*][13][11][0],(Kewell Rod),雷杖クウェルロッド,(科威爾避雷針棒),,
equipment.13.12,equipment,EquipData[*][13][12][0],(Jormungand),邪杖ヨルムンガルド,(邪惡的魔杖Yorumungarudo),,
equipment.13.13,equipment,EquipData[*][13][13][0],(Hyperion),聖杖ハイペリオン,(神聖的工作人員海波),,
equipment.13.14,equipment,EquipData[*][13][14][0],(Maris Rod),魔杖マリスロッド,(魔術棒桿馬里斯),,
equipment.13.15,equipment,EquipData[*][13][15][0],Skeleton Rod,スケルトンロッド,(骨架桿),,
equipment.13.16,equipment,EquipData[*][13][16][0],Skeleton Rod S,スケルトンロッドＳ,(骨架桿 S),,
equipment.13.17,equipment,EquipData[*][13][17][0],Skeleton Rod A,スケルトンロッドＡ,(骨架桿 A),,
equipment.13.18,equipment,EquipData[*][13][18][0],(neigeruringu),妖杖ネイゲルリング,(母語凝膠環妖杖),,
equipment.13.19,equipment,EquipData[*][13][19][0],(Celestial Rod),宝杖セレスティアルロッド,(富寶甘蔗桿),,
equipment.13.20,equipment,EquipData[*][13][20][0],(Ancient Haile),衝杖エンシェントハイル,(冰雹古衝杖),,
equipment.13.21,equipment,EquipData[*][13][21][0],(Organon),響杖オルガノン,(歐加農交響曲員工),,
equipment.13.22,equipment,EquipData[*][13][22][0],(Ellora),撃杖エローラ,(埃洛拉撃杖),,
equipment.13.23,equipment,EquipData[*][13][23][0],(Rajoramu),華杖ラジョラム,(Rajoramu),,
equipment.13.24,equipment,EquipData[*][13][24][0],(Curse Rod),カースドロッド,(詛咒德棒),,
equipment.13.25,equipment,EquipData[*][13][25][0],(Golden Bat),ゴールデンバット,(黃金蝙蝠),,
equipment.20.1,equipment,EquipData[*][20][1][0],(False),フォルス,(假),,
equipment.20.2,equipment,EquipData[*][20][2][0],(Adaruga),アダルガ,(Adaruga),,
equipment.20.3,equipment,EquipData[*][20][3][0],(Buckler),バックラー,(圓盾),,
equipment.20.4,equipment,EquipData[*][20][4][0],(Kurowaru),クロワール,(Kurowaru),,
equipment.20.5,equipment,EquipData[*][20][5][0],(Taju),タージュ,(Taju),,
equipment.20.6,equipment,EquipData[*][20][6][0],(Sukyutamu),スキュタム,(Sukyutamu),,
equipment.20.7,equipment,EquipData[*][20][7][0],(Jerido Shield),ジェリドシールド,(Jerido盾),,
equipment.20.8,equipment,EquipData[*][20][8][0],(Jusutisu),ジュスティス,(Jusutisu),,
equipment.20.9,equipment,EquipData[*][20][9][0],(Small Shield),スモールシールド,(小盾),,
equipment.20.10,equipment,EquipData[*][20][10][0],(Rodella),ロデラ,(Rodella),,
equipment.20.11,equipment,EquipData[*][20][11][0],(Sancerre),サンセール,(桑塞爾),,
equipment.20.12,equipment,EquipData[*][20][12][0],(Ekuripuron),エクリプロン,(Ekuripuron),,
equipment.20.13,equipment,EquipData[*][20][13][0],(BSI Shield),ボータルシールド,(BSI的盾),,
equipment.20.14,equipment,EquipData[*][20][14][0],(Jeorumu Guard),ジェオルムガード,(Jeorumu衛隊),,
equipment.20.15,equipment,EquipData[*][20][15][0],(Ganoido Shield),ガノイドシールド,(Ganoido盾),,
equipment.20.16,equipment,EquipData[*][20][16][0],(Shield Spike),スパイクシールド,(盾刺),,
equipment.20.17,equipment,EquipData[*][20][17][0],(Sureosu),スレオス,(Sureosu),,
equipment.20.18,equipment,EquipData[*][20][18][0],(Orukudisu Guard),オルクディスガード,(Orukudisu衛隊),,
equipment.20.19,equipment,EquipData[*][20][19][0],(Twinkle Reflector),トゥインクルリフレクター,(閃爍反射鏡),,
equipment.20.20,equipment,EquipData[*][20][20][0],(Grate Shield),グレートシールド,(爐排盾),,
equipment.20.21,equipment,EquipData[*][20][21][0],(Large Shield),ラージシールド,(大盾),,
equipment.20.22,equipment,EquipData[*][20][22][0],(Sentry Guard),セントリーガード,(哨兵衛隊),,
equipment.20.23,equipment,EquipData[*][20][23][0],(Puritouen),プリトウェン,(Puritouen),,
equipment.20.24,equipment,EquipData[*][20][24][0],(Therapy Shield),セラピーシールド,(治療盾),,
equipment.20.25,equipment,EquipData[*][20][25][0],(Charité),シャリテ,(Charité),,
equipment.20.26,equipment,EquipData[*][20][26][0],(Large Shield),ラージシールド,(大盾),,
equipment.20.27,equipment,EquipData[*][20][27][0],(Valiant Shield),バリアントシールド,(英勇盾牌),,
equipment.20.28,equipment,EquipData[*][20][28][0],(Medyu Wraith Shield),メデュレイスシールド,(美杜莎怨靈盾牌),,
equipment.20.29,equipment,EquipData[*][20][29][0],(Adorashion),アドラシオン,(Adorashion),,
equipment.20.30,equipment,EquipData[*][20][30][0],(Ending Shield),エンディングシールド,(結束盾),,
equipment.20.31,equipment,EquipData[*][20][31][0],(Kite Shield),カイトシールド,(風箏盾),,
equipment.20.32,equipment,EquipData[*][20][32][0],(Blaze Shield),ブレイズシールド,(布拉熱盾),,
equipment.30.1,equipment,EquipData[*][30][1][0],(Pumpkin hat),カボチャ帽子,(南瓜帽),,
equipment.30.2,equipment,EquipData[*][30][2][0],(Smart Glass),スマートグラス,(智能玻璃),,
equipment.30.3,equipment,EquipData[*][30][3][0],(Rapinyi Mask),ラピニィお面,(Rapinyi面膜),,
equipment.30.4,equipment,EquipData[*][30][4][0],(Enki Mask),エンキお面,(Enki面膜),,
equipment.30.5,equipment,EquipData[*][30][5][0],(Dwarf Mask),ドワーフお面,(矮人面膜),,
equipment.30.6,equipment,EquipData[*][30][6][0],(Wisdom Glasses),英知のメガネ,(智慧眼鏡),,
equipment.30.7,equipment,EquipData[*][30][7][0],(Glasses of passion),情熱のメガネ,(眼鏡的激情),,
equipment.30.8,equipment,EquipData[*][30][8][0],(Aiming Glass),エイミンググラス,(目的玻璃),,
equipment.30.9,equipment,EquipData[*][30][9][0],(Hat Parade),パレードハット,(帽子巡遊),,
equipment.30.10,equipment,EquipData[*][30][10][0],(Caribou Hood),カリブーフード,(卡里布罩),,
equipment.30.11,equipment,EquipData[*][30][11][0],(Rabbit Hood),ラビットフード,(兔罩),,
equipment.30.12,equipment,EquipData[*][30][12][0],(Rabbit Hood for the runt),チビ用ラビットフード,(胡德的侏儒兔),,
equipment.30.13,equipment,EquipData[*][30][13][0],(Leather Cap),レザーキャップ,(皮革帽),,
equipment.30.14,equipment,EquipData[*][30][14][0],(Circlet),サークレット,(頭飾),,
equipment.30.15,equipment,EquipData[*][30][15][0],(Magician Hat),マジシャンハット,(魔術師帽),,
equipment.30.16,equipment,EquipData[*][30][16][0],(Little Princess),リトルプリンセス,(小公主),,
equipment.30.17,equipment,EquipData[*][30][17][0],(Kettle hat),ケトルハット,(水壺帽),,
equipment.30.18,equipment,EquipData[*][30][18][0],(Viking Helm),バイキングヘルム,(海盜頭盔),,
equipment.30.19,equipment,EquipData[*][30][19][0],(Dawn Human Agaru Dawn),暁のヒューマンアガール,(黎明人類 Agaru黎明),,
equipment.30.20,equipment,EquipData[*][30][20][0],(Dawn Human turban Dawn),暁のヒューマンターバン,(黎明人類頭巾黎明),,
equipment.30.21,equipment,EquipData[*][30][21][0],(Dawn Elf Circlet),暁のエルフサークレット,(黎明精靈頭飾),,
equipment.30.22,equipment,EquipData[*][30][22][0],(Dawn Elves headdress),暁のエルフヘッドドレス,(黎明精靈頭飾),,
equipment.30.23,equipment,EquipData[*][30][23][0],(Dawn Helm Dwarf),暁のドワーフヘルム,(黎明頭盔矮星),,
equipment.30.24,equipment,EquipData[*][30][24][0],(Dawn Mairin Vale),暁のマイリーンベール,(黎明Mairin谷),,
equipment.30.25,equipment,EquipData[*][30][25][0],(Dawn Enkidu mask),暁のエンキドゥマスク,(黎明Enkidu面罩),,
equipment.30.26,equipment,EquipData[*][30][26][0],(Dawn Lappin Hat),暁のラピンハット,(黎明拉平帽),,
equipment.30.27,equipment,EquipData[*][30][27][0],(Little xxx Cap),リトル○○○キャップ,(小xxx章),,
equipment.30.28,equipment,EquipData[*][30][28][0],(Ceremonial Mask),祭祀の仮面,(禮儀面膜),,
equipment.30.29,equipment,EquipData[*][30][29][0],(Coronet),コロネット,(皇冠),,
equipment.30.30,equipment,EquipData[*][30][30][0],(Hats Chikochiko),チコチコ帽子,(帽子Chikochiko),,
equipment.30.31,equipment,EquipData[*][30][31][0],(Detective hat),探偵帽子,(偵探帽),,
equipment.30.32,equipment,EquipData[*][30][32][0],(Detective hat),名探偵帽子,(偵探帽),,
equipment.30.33,equipment,EquipData[*][30][33][0],(White Cap Charm),ホワイトチャームキャップ,(懷特卡普魅力),,
equipment.30.34,equipment,EquipData[*][30][34][0],(Cute brown cap),ブラウンキュートキャップ,(可愛的棕色帽),,
equipment.30.35,equipment,EquipData[*][30][35][0],(Cap Suite),スイートキャップ,(第套房),,
equipment.30.36,equipment,EquipData[*][30][36][0],(Pumpkin Helm),カボチャヘルム,(南瓜頭盔),,
equipment.30.37,equipment,EquipData[*][30][37][0],(xx Knight Hat),○○のナイトハット,(xx騎士帽子),,
equipment.30.38,equipment,EquipData[*][30][38][0],(xx Noble Hat),○○のノーブルハット,(xx貴族帽子),,
equipment.30.39,equipment,EquipData[*][30][39][0],(Hat Trick),トリックハット,(帽子戲法),,
equipment.30.40,equipment,EquipData[*][30][40][0],(Saret),サレット,(Saret),,
equipment.30.41,equipment,EquipData[*][30][41][0],(Horse Head Helm),ホースヘッドヘルム,(馬總頭盔),,
equipment.30.42,equipment,EquipData[*][30][42][0],(Wizard Hat),ウィザードハット,(精靈帽),,
equipment.30.43,equipment,EquipData[*][30][43][0],(Headdress),ティアラ,(頭飾),,
equipment.30.44,equipment,EquipData[*][30][44][0],(Gold Circlet),ゴールドサークレット,(金頭飾),,
equipment.30.45,equipment,EquipData[*][30][45][0],(Prodigy Head),プロディジーヘッド,(神童頭),,
equipment.30.46,equipment,EquipData[*][30][46][0],(Resistance Head),レジスタンスヘッド,(電阻頭),,
equipment.30.47,equipment,EquipData[*][30][47][0],(Sacramento),サクラメント,(薩克拉門托),,
equipment.30.48,equipment,EquipData[*][30][48][0],(Crown Iseriaru),イセリアルクラウン,(皇冠Iseriaru),,
equipment.30.49,equipment,EquipData[*][30][49][0],(Sacred Hat),セイクリッドハット,(神聖帽),,
equipment.30.50,equipment,EquipData[*][30][50][0],(Kurudyuku Hat),クルデュークハット,(Kurudyuku帽),,
equipment.30.51,equipment,EquipData[*][30][51][0],(Falcon Mask),ファルコンマスク,(獵鷹面膜),,
equipment.30.52,equipment,EquipData[*][30][52][0],(Bullseye),ブルズアイ,(布茲艾),,
equipment.30.53,equipment,EquipData[*][30][53][0],(Barbarian Helm),バーバリアンヘルム,(野蠻人頭盔),,
equipment.30.54,equipment,EquipData[*][30][54][0],(Exorise Hat),エクソライズハット,(Exorise帽),,
equipment.30.55,equipment,EquipData[*][30][55][0],(Prius Hat),プリウスハット,(普瑞斯帽),,
equipment.30.56,equipment,EquipData[*][30][56][0],(Ganoido Hat),ガノイドハット,(Ganoido帽),,
equipment.30.57,equipment,EquipData[*][30][57][0],(Caldo Helm),カルドヘルム,(Caldo頭盔),,
equipment.30.58,equipment,EquipData[*][30][58][0],(Holly Wimple),ホーリーウィンプル,(霍利威普爾),,
equipment.30.59,equipment,EquipData[*][30][59][0],(Lightness Hat),ライトネスハット,(亮度帽),,
equipment.30.60,equipment,EquipData[*][30][60][0],(Viyagura Mask),ヴィヤグラマスク,(Viyagura面膜),,
equipment.30.61,equipment,EquipData[*][30][61][0],(Serene Tiara),セリーンティアラ,(塞雷納皇冠),,
equipment.30.62,equipment,EquipData[*][30][62][0],(Spanen Helm),スパンゲンヘルム,(Spanen頭盔),,
equipment.30.63,equipment,EquipData[*][30][63][0],(Diadem),ディアデム,(王冠),,
equipment.30.64,equipment,EquipData[*][30][64][0],(Magni Wimple),マグニウィンプル,(馬尼威普爾),,
equipment.30.65,equipment,EquipData[*][30][65][0],(Evil Circlet),イーブルサークレット,(邪惡頭飾),,
equipment.30.66,equipment,EquipData[*][30][66][0],(Arkana Circlet),アルカナサークレット,(阿卡納頭飾),,
equipment.30.67,equipment,EquipData[*][30][67][0],(Shooting Hat),シューターハット,(拍攝帽),,
equipment.30.68,equipment,EquipData[*][30][68][0],(Pat Hat),パットハット,(八帽),,
equipment.30.69,equipment,EquipData[*][30][69][0],(Faiaryi Head),ファイアリィヘッド,(Faiaryi頭),,
equipment.30.70,equipment,EquipData[*][30][70][0],(Divine Hat),ディバインハット,(神帽),,
equipment.30.71,equipment,EquipData[*][30][71][0],(Nightmare Helm Head),ナイトメアヘッドヘルム,(噩夢頭盔頭),,
equipment.30.72,equipment,EquipData[*][30][72][0],(Gold Helm),ゴールドヘルム,(金頭盔),,
equipment.30.73,equipment,EquipData[*][30][73][0],(Valiant Helm),バリアントヘルム,(勇士頭盔),,
equipment.30.74,equipment,EquipData[*][30][74][0],(Waste Hut),ウェイストハット,(廢物茅舍),,
equipment.30.75,equipment,EquipData[*][30][75][0],(Dazzling Head),ダズリングヘッド,(耀眼的頭),,
equipment.30.76,equipment,EquipData[*][30][76][0],(Ambush Caps),アンブッシュキャップ,(伏擊上限),,
equipment.30.77,equipment,EquipData[*][30][77][0],(Touno Blitz Helm),トゥノブリッツヘルム,(Touno閃電戰頭盔),,
equipment.30.78,equipment,EquipData[*][30][78][0],(Head Strike),ストライクヘッド,(總罷工),,
equipment.30.79,equipment,EquipData[*][30][79][0],(Miriteito Hat),ミリテイトハット,(Miriteito帽),,
equipment.30.80,equipment,EquipData[*][30][80][0],(Foruniddo Helm),フォルニッドヘルム,(Foruniddo頭盔),,
equipment.30.81,equipment,EquipData[*][30][81][0],(Rogue Iron Mask),ならず者の鉄仮面,(盜賊鐵面),,
equipment.30.82,equipment,EquipData[*][30][82][0],(Groomist Mask),グルーミストマスク,(Groomist面膜),,
equipment.30.83,equipment,EquipData[*][30][83][0],(Desert turban),砂漠のターバン,(沙漠頭巾),,
equipment.30.84,equipment,EquipData[*][30][84][0],(Mizasuta Hat),ミザスタハット,(Mizasuta帽),,
equipment.30.85,equipment,EquipData[*][30][85][0],(Ajeiru Head),アジェイルヘッド,(Ajeiru頭),,
equipment.30.86,equipment,EquipData[*][30][86][0],(Edu Loss Hood),エデューロスフード,(埃杜損失罩),,
equipment.30.87,equipment,EquipData[*][30][87][0],(Were Millo Galea),ワーミッロガレア,(米羅人加利),,
equipment.30.88,equipment,EquipData[*][30][88][0],(Varo Salette),ヴァローサレット,(Varo Salette),,
equipment.30.89,equipment,EquipData[*][30][89][0],(Dairanusu Bone),ダイラヌスボーン,(Dairanusu骨),,
equipment.30.90,equipment,EquipData[*][30][90][0],(Hein Doreku Hat),ハインドレクハット,(海恩Doreku帽),,
equipment.30.91,equipment,EquipData[*][30][91][0],(Sugar Loaf),シュガーローフ,(舒格洛夫),,
equipment.30.92,equipment,EquipData[*][30][92][0],(Basinet),バシネット,(Basinet),,
equipment.30.93,equipment,EquipData[*][30][93][0],(Great Helm),グレートヘルム,(大頭盔),,
equipment.30.94,equipment,EquipData[*][30][94][0],(Giruga Head),ギルーガヘッド,(Giruga頭盔),,
equipment.30.95,equipment,EquipData[*][30][95][0],(Echo wreath),木霊のリース,(迴聲花冠),,
equipment.30.96,equipment,EquipData[*][30][96][0],(Orega Glass turban),オレガグラスターバン,(Orega玻璃頭巾),,
equipment.30.97,equipment,EquipData[*][30][97][0],(Raid Saret),レイドサレット,(突襲頭盔),,
equipment.31.1,equipment,EquipData[*][31][1][0],(Tunic),チュニック,(外套),,
equipment.31.2,equipment,EquipData[*][31][2][0],(Gyanbeson),ギャンベソン,(Gyanbeson),,
equipment.31.3,equipment,EquipData[*][31][3][0],(Christmas Court),クリスマスコート,(聖誕節法院),,
equipment.31.4,equipment,EquipData[*][31][4][0],(Christmas Dress),クリスマスドレス,(聖誕節連衣裙),,
equipment.31.5,equipment,EquipData[*][31][5][0],(Ornament Loeb),オーナメントローブ,(飾品勒布),,
equipment.31.6,equipment,EquipData[*][31][6][0],(Human Tunic),ヒューマンチュニック,(人力外衣),,
equipment.31.7,equipment,EquipData[*][31][7][0],(Human Best),ヒューマンベスト,(人類最好的),,
equipment.31.8,equipment,EquipData[*][31][8][0],(Elf Best),エルフベスト,(精靈最佳),,
equipment.31.9,equipment,EquipData[*][31][9][0],(Dwarf Tunic),ドワーフチュニック,(矮人外衣),,
equipment.31.10,equipment,EquipData[*][31][10][0],(Mairin separates),マイリーンセパレーツ,(Mairin隔開),,
equipment.31.11,equipment,EquipData[*][31][11][0],(Best Enkidu),エンキドゥベスト,(最佳Enkidu),,
equipment.31.12,equipment,EquipData[*][31][12][0],(Lapin Tunic),ラピンチュニック,(拉平外衣),,
equipment.31.13,equipment,EquipData[*][31][13][0],(Crew Best),クルーベスト,(船員最佳),,
equipment.31.14,equipment,EquipData[*][31][14][0],(Hermit Tunic),ハーミットチュニック,(隱士外衣),,
equipment.31.15,equipment,EquipData[*][31][15][0],(Linen robe),亜麻のローブ,(亞麻長袍),,
equipment.31.16,equipment,EquipData[*][31][16][0],(Leather Armor),レザーアーマー,(皮甲),,
equipment.31.17,equipment,EquipData[*][31][17][0],(Little xxx Court),リトル○○○コート,(小xxx苑),,
equipment.31.18,equipment,EquipData[*][31][18][0],(Magician’s Robe),魔術師のローブ,(魔術師’的長袍),,
equipment.31.19,equipment,EquipData[*][31][19][0],(Blessed Robe),祝福のローブ,(祝福長袍),,
equipment.31.20,equipment,EquipData[*][31][20][0],(Court Suite),スイートコート,(法院套房),,
equipment.31.21,equipment,EquipData[*][31][21][0],(Burigandain),ブリガンダイン,(Burigandain),,
equipment.31.22,equipment,EquipData[*][31][22][0],(Dawn Human tunic),暁のヒューマンチュニック,(黎明人權外衣),,
equipment.31.23,equipment,EquipData[*][31][23][0],(Dawn Human Best),暁のヒューマンベスト,(黎明人類最好的),,
equipment.31.24,equipment,EquipData[*][31][24][0],(Dawn Elf Best),暁のエルフベスト,(黎明精靈最佳),,
equipment.31.25,equipment,EquipData[*][31][25][0],(Dawn Dwarf Tunic),暁のドワーフチュニック,(黎明矮人外衣),,
equipment.31.26,equipment,EquipData[*][31][26][0],(Dawn Mairin separates),暁のマイリーンセパレーツ,(黎明Mairin隔開),,
equipment.31.27,equipment,EquipData[*][31][27][0],(Dawn Enkidu Best),暁のエンキドゥベスト,(黎明Enkidu最佳),,
equipment.31.28,equipment,EquipData[*][31][28][0],(Dawn Lappin tunic),暁のラピンチュニック,(黎明拉平外衣),,
equipment.31.29,equipment,EquipData[*][31][29][0],(White Charm Court),ホワイトチャームコート,(白韻苑),,
equipment.31.30,equipment,EquipData[*][31][30][0],(Brown Cute Court),ブラウンキュートコート,(布朗可愛苑),,
equipment.31.31,equipment,EquipData[*][31][31][0],(Asutian Coat),アスティアンコート,(艾斯提亞外衣),,
equipment.31.32,equipment,EquipData[*][31][32][0],(Asutian Dress),アスティアンドレス,(艾斯提亞連衣裙),,
equipment.31.33,equipment,EquipData[*][31][33][0],(Pik Asutian Coat),碧色アスティアンコート,(碧色艾斯提亞外衣),,
equipment.31.34,equipment,EquipData[*][31][34][0],(Pik Asutian Dress),碧色アスティアンドレス,(碧色艾斯提亞連衣裙),,
equipment.31.35,equipment,EquipData[*][31][35][0],(Snow Asutian Coat),雪色アスティアンコート,(雪色艾斯提亞外衣),,
equipment.31.36,equipment,EquipData[*][31][36][0],(Snow Asutian Dress),雪色アスティアンドレス,(雪色艾斯提亞連衣裙),,
equipment.31.37,equipment,EquipData[*][31][37][0],(Jade Asutian Coat),翠色アスティアンコート,(綠色艾斯提亞外衣),,
equipment.31.38,equipment,EquipData[*][31][38][0],(Jade Asutian Dress),翠色アスティアンドレス,(綠色艾斯提亞連衣裙),,
equipment.31.39,equipment,EquipData[*][31][39][0],(Night Asutian Coat),夜色アスティアンコート,(夜色艾斯提亞外衣),,
equipment.31.40,equipment,EquipData[*][31][40][0],(Night Asutian Dress),夜色アスティアンドレス,(夜色艾斯提亞連衣裙),,
equipment.31.41,equipment,EquipData[*][31][41][0],(Scarlet Asutian Coat),緋色アスティアンコート,(紅色艾斯提亞外衣),,
equipment.31.42,equipment,EquipData[*][31][42][0],(Scarlet Asutian Dress),緋色アスティアンドレス,(紅色艾斯提亞連衣裙),,
equipment.31.43,equipment,EquipData[*][31][43][0],(Treasure Best),トレジャーベスト,(寶物最佳),,
equipment.31.44,equipment,EquipData[*][31][44][0],(Green Best),グリーンベスト,(綠色最佳),,
equipment.31.45,equipment,EquipData[*][31][45][0],(Fleece Robe),フリースのローブ,(羊毛長袍),,
equipment.31.46,equipment,EquipData[*][31][46][0],(Kyuiru Boyle),キュイルボイル,(Kyuiru博伊爾),,
equipment.31.47,equipment,EquipData[*][31][47][0],(Robe of Life),生命のローブ,(長袍生活),,
equipment.31.48,equipment,EquipData[*][31][48][0],(Resonant robes),共鳴のローブ,(諧振長袍),,
equipment.31.49,equipment,EquipData[*][31][49][0],(Sukeiru mail),スケイルメイル,(Sukeiru郵件),,
equipment.31.50,equipment,EquipData[*][31][50][0],(Desert Armor),デザートアーマー,(沙漠裝甲),,
equipment.31.51,equipment,EquipData[*][31][51][0],(Scar-mail),スカーメイル,(瘢痕郵件),,
equipment.31.52,equipment,EquipData[*][31][52][0],(Tigger Torso),ティーガートーソ,(跳跳虎軀幹),,
equipment.31.53,equipment,EquipData[*][31][53][0],(Forbidden Loeb),フォビドゥンローブ,(禁止勒布),,
equipment.31.54,equipment,EquipData[*][31][54][0],(Hard Armor),ハードアーマー,(硬甲),,
equipment.31.55,equipment,EquipData[*][31][55][0],(Monk’s Robe),修道士のローブ,(和尚’的長袍),,
equipment.31.56,equipment,EquipData[*][31][56][0],(Monk’s Robe),修道士のローブ,(和尚’的長袍),,
equipment.31.57,equipment,EquipData[*][31][57][0],(Patrician Vest),パトリシアンベスト,(珀特里背心),,
equipment.31.58,equipment,EquipData[*][31][58][0],(Steel Boyle),スティールボイル,(鋼博伊爾),,
equipment.31.59,equipment,EquipData[*][31][59][0],(Hauberk),ハウバーク,(胸甲),,
equipment.31.60,equipment,EquipData[*][31][60][0],(Falcon Jacket),ファルコンジャケット,(獵鷹夾克),,
equipment.31.61,equipment,EquipData[*][31][61][0],(Plate Mail),プレートメイル,(板甲),,
equipment.31.62,equipment,EquipData[*][31][62][0],(Guru robe),導師のローブ,(大師長袍),,
equipment.31.63,equipment,EquipData[*][31][63][0],(Moonlight Robe),月明のローブ,(月光長袍),,
equipment.31.64,equipment,EquipData[*][31][64][0],(Gold plate),ゴールドプレート,(金盤),,
equipment.31.65,equipment,EquipData[*][31][65][0],(Valiant Plate),バリアントプレート,(瓦林特板),,
equipment.31.66,equipment,EquipData[*][31][66][0],(Divine Kyuirasu),ディバインキュイラス,(神Kyuirasu),,
equipment.31.67,equipment,EquipData[*][31][67][0],(Breastplate),ブレストプレート,(胸甲),,
equipment.31.68,equipment,EquipData[*][31][68][0],(Moonlight Robe),月明のローブ,(月光長袍),,
equipment.31.69,equipment,EquipData[*][31][69][0],(Eternal Night Robe),永夜のローブ,(永恆之夜長袍),,
equipment.31.70,equipment,EquipData[*][31][70][0],(Exorcist robe),祓魔のローブ,(法師長袍),,
equipment.31.71,equipment,EquipData[*][31][71][0],(Breastplate),ブレストプレート,(胸甲),,
equipment.31.72,equipment,EquipData[*][31][72][0],(Ambush Best),アンブッシュベスト,(伏擊最佳),,
equipment.31.73,equipment,EquipData[*][31][73][0],(Strike Armor),ストライクアーマー,(攻擊裝甲),,
equipment.31.74,equipment,EquipData[*][31][74][0],(Touno Brits Armor),トゥノブリッツメイル,(Touno英國人郵件),,
equipment.31.75,equipment,EquipData[*][31][75][0],(Miriteito Armour),ミリテイトアーマー,(Miriteito裝甲),,
equipment.31.76,equipment,EquipData[*][31][76][0],(Sajesu Rouge Robe),サジェスルージュローブ,(Sajesu高棉長袍),,
equipment.31.77,equipment,EquipData[*][31][77][0],(Foruniddo Plate),フォルニッドプレート,(Foruniddo板),,
equipment.31.78,equipment,EquipData[*][31][78][0],(Groomist Jackets),グルーミストジャケット,(Groomist夾克),,
equipment.31.79,equipment,EquipData[*][31][79][0],(Mizasuta Armor),ミザスタメイル,(Mizasuta郵件),,
equipment.31.80,equipment,EquipData[*][31][80][0],(Ajeiru Armor),アジェイルメイル,(Ajeiru郵件),,
equipment.31.81,equipment,EquipData[*][31][81][0],(Shadow Plate),シャドウプレート,(暗影板),,
equipment.31.82,equipment,EquipData[*][31][82][0],(Legard Mail),レガードメイル,(萊加德郵件),,
equipment.31.83,equipment,EquipData[*][31][83][0],(Dairanusu Armor),ダイラヌスアーマー,(Dairanusu裝甲),,
equipment.31.84,equipment,EquipData[*][31][84][0],(Hein Doreku Coat),ハインドレクコート,(海恩Doreku塗層),,
equipment.31.85,equipment,EquipData[*][31][85][0],(Gothic Plate),ゴシックプレート,(哥特式板),,
equipment.31.86,equipment,EquipData[*][31][86][0],(Stagnation Robe),停滞のローブ,(停滯長袍),,
equipment.31.87,equipment,EquipData[*][31][87][0],(Giruga Armor),ギルーガアーマー,(Giruga護甲),,
equipment.31.88,equipment,EquipData[*][31][88][0],(Newly Haubaku),新鋭のハウバーク,(先進Haubaku),,
equipment.31.89,equipment,EquipData[*][31][89][0],(Newly Kyuiruboiru),新鋭のキュイルボイル,(先進Kyuiruboiru),,
equipment.31.90,equipment,EquipData[*][31][90][0],(Newly Scale Armor),新鋭のスケイルメイル,(先進鱗護甲),,
equipment.31.91,equipment,EquipData[*][31][91][0],(Newly Fleece Robe),新鋭のフリースローブ,(先進羊毛長袍),,
equipment.31.92,equipment,EquipData[*][31][92][0],(Ritual Paint),リチュアルペイント,(儀式塗料),,
equipment.31.93,equipment,EquipData[*][31][93][0],(Orega Glass Robe),オレガグラスローブ,(Orega玻璃長袍),,
equipment.31.94,equipment,EquipData[*][31][94][0],(Fangfang Asutian Coat),芳色アスティアンコート,(芳色艾斯提亞外衣),,
equipment.31.95,equipment,EquipData[*][31][95][0],(Fangfang Asutian Dress),芳色アスティアンドレス,(芳色艾斯提亞連衣裙),,
equipment.31.96,equipment,EquipData[*][31][96][0],(Moonlight Asutian Coat),月色アスティアンコート,(月色艾斯提亞外衣),,
equipment.31.97,equipment,EquipData[*][31][97][0],(Moonlight Asutian Dress),月色アスティアンドレス,(月色艾斯提亞連衣裙),,
equipment.32.1,equipment,EquipData[*][32][1][0],(Quilt Glove),キルトグローブ,(被子韋),,
equipment.32.2,equipment,EquipData[*][32][2][0],(Suite Mittens),スイートミトン,(套件手套),,
equipment.32.3,equipment,EquipData[*][32][3][0],(Suede Glove),スエードグローブ,(麂皮手套),,
equipment.32.4,equipment,EquipData[*][32][4][0],(Human Band),ヒューマンバンド,(人力樂隊),,
equipment.32.5,equipment,EquipData[*][32][5][0],(Elf Glove),エルフグローブ,(精靈韋),,
equipment.32.6,equipment,EquipData[*][32][6][0],(Dwarf Glove),ドワーフグローブ,(矮人手套),,
equipment.32.7,equipment,EquipData[*][32][7][0],(Mairin Glove),マイリーングローブ,(Mairin韋),,
equipment.32.8,equipment,EquipData[*][32][8][0],(Enkidu Glove),エンキドゥグローブ,(Enkidu韋),,
equipment.32.9,equipment,EquipData[*][32][9][0],(Lapin Glove),ラピングローブ,(拉平韋),,
equipment.32.10,equipment,EquipData[*][32][10][0],(Gold Gauntlet),ゴールドガントレット,(金岡特利特),,
equipment.32.11,equipment,EquipData[*][32][11][0],(Silk Gloves),シルクグローブ,(絲手套),,
equipment.32.12,equipment,EquipData[*][32][12][0],(Duel Glove),デュエルグローブ,(決鬥韋),,
equipment.32.13,equipment,EquipData[*][32][13][0],(Leather Buresa),レザーブレーサー,(皮革Buresa),,
equipment.32.14,equipment,EquipData[*][32][14][0],(Dawn Human Band),暁のヒューマンバンド,(黎明人樂隊),,
equipment.32.15,equipment,EquipData[*][32][15][0],(Dawn Elf Glove),暁のエルフグローブ,(黎明精靈韋),,
equipment.32.16,equipment,EquipData[*][32][16][0],(Dawn Dwarf Glove),暁のドワーフグローブ,(黎明矮人韋),,
equipment.32.17,equipment,EquipData[*][32][17][0],(Dawn Mairin Glove),暁のマイリーングローブ,(黎明Mairin韋),,
equipment.32.18,equipment,EquipData[*][32][18][0],(Dawn Enkidu Glove),暁のエンキドゥグローブ,(黎明Enkidu韋),,
equipment.32.19,equipment,EquipData[*][32][19][0],(Dawn Lappin Glove),暁のラピングローブ,(黎明拉平韋),,
equipment.32.20,equipment,EquipData[*][32][20][0],(Hard Mittens),ハードミトン,(硬手套),,
equipment.32.21,equipment,EquipData[*][32][21][0],(Tight Glove),タイトグローブ,(緊韋),,
equipment.32.22,equipment,EquipData[*][32][22][0],(White Charm Mittens),ホワイトチャームミトン,(白手套的魅力),,
equipment.32.23,equipment,EquipData[*][32][23][0],(Brown Cute Mittens),ブラウンキュートミトン,(布朗可愛手套),,
equipment.32.24,equipment,EquipData[*][32][24][0],(Asutian Glove(Male)),アスティアングローブ,(艾斯提亞手套(男)),,
equipment.32.25,equipment,EquipData[*][32][25][0],(Asutian Glove(Female)),アスティアンケイリス,(艾斯提亞手套(女)),,
equipment.32.26,equipment,EquipData[*][32][26][0],(Pik Asutian Glove(Male)),翠色アスティアングローブ,(碧色艾斯提亞手套(男)),,
equipment.32.27,equipment,EquipData[*][32][27][0],(Pik Asutian Glove(Female)),翠色アスティアンケイリス,(碧色艾斯提亞手套(女)),,
equipment.32.28,equipment,EquipData[*][32][28][0],(Snow Asutian Glove(Male)),碧色アスティアングローブ,(雪色艾斯提亞手套(男)),,
equipment.32.29,equipment,EquipData[*][32][29][0],(Snow Asutian Glove(Female)),碧色アスティアンケイリス,(雪色艾斯提亞手套(女)),,
equipment.32.30,equipment,EquipData[*][32][30][0],(Jade Asutian Glove(Male)),夜色アスティアングローブ,(綠色艾斯提亞手套(男)),,
equipment.32.31,equipment,EquipData[*][32][31][0],(Jade Asutian Glove(Female)),夜色アスティアンケイリス,(綠色艾斯提亞手套(女)),,
equipment.32.32,equipment,EquipData[*][32][32][0],(Night Asutian Glove(Male)),雪色アスティアングローブ,(夜色艾斯提亞手套(男)),,
equipment.32.33,equipment,EquipData[*][32][33][0],(Night Asutian Glove(Female)),雪色アスティアンケイリス,(夜色艾斯提亞手套(女)),,
equipment.32.34,equipment,EquipData[*][32][34][0],(Scarlet Asutian Glove(Male)),緋色アスティアングローブ,(紅色艾斯提亞手套(男)),,
equipment.32.35,equipment,EquipData[*][32][35][0],(Scarlet Asutian Glove(Female)),緋色アスティアンケイリス,(紅色艾斯提亞手套(女)),,
equipment.32.36,equipment,EquipData[*][32][36][0],(xx Knight Groove),○○のナイトグローブ,(xx騎士手套),,
equipment.32.37,equipment,EquipData[*][32][37][0],(xx Noble Groove),○○のノーブルグローブ,(xx貴族手套),,
equipment.32.38,equipment,EquipData[*][32][38][0],(Metal Buresa),メタルブレーサー,(金屬 Buresa),,
equipment.32.39,equipment,EquipData[*][32][39][0],(Gauntlet),ガントレット,(岡特利特),,
equipment.32.40,equipment,EquipData[*][32][40][0],(Gold Bracelet),ゴールドブレスレット,(金手鍊),,
equipment.32.41,equipment,EquipData[*][32][41][0],(Earth Glove),アースグローブ,(地球手套),,
equipment.32.42,equipment,EquipData[*][32][42][0],(Hollow Glove),ホロウグローブ,(中空韋),,
equipment.32.43,equipment,EquipData[*][32][43][0],(The Gauntlet Taishaku),帝釈の篭手,(戰書 Taishaku),,
equipment.32.44,equipment,EquipData[*][32][44][0],(Glorious Buresa),グロリアスブレーサー,(常Buresa),,
equipment.32.45,equipment,EquipData[*][32][45][0],(Icicle Glove),アイシクルグローブ,(冰柱韋),,
equipment.32.46,equipment,EquipData[*][32][46][0],(St.Swordman Gauntlet),剣聖の篭手,(St.Swordman岡特利特),,
equipment.32.47,equipment,EquipData[*][32][47][0],(Silver Glove),シルバーグローブ,(銀韋),,
equipment.32.48,equipment,EquipData[*][32][48][0],(Glove Blaze),ブレイズグローブ,(韋布拉),,
equipment.32.49,equipment,EquipData[*][32][49][0],(Shadow Glove),シャドウグローブ,(沙多格羅韋),,
equipment.32.50,equipment,EquipData[*][32][50][0],(Wise Glove),ワイズグローブ,(智韋),,
equipment.32.51,equipment,EquipData[*][32][51][0],(Solid Buresa),ソリッドブレーサー,(固體 Buresa),,
equipment.32.52,equipment,EquipData[*][32][52][0],(Naga Glove),ナーガグローブ,(娜迦韋),,
equipment.32.53,equipment,EquipData[*][32][53][0],(Spike Glove),スパイクグローブ,(穗韋),,
equipment.32.54,equipment,EquipData[*][32][54][0],(Ganoido Glove),ガノイドグローブ,(Ganoido韋),,
equipment.32.55,equipment,EquipData[*][32][55][0],(Viyagura Glove),ヴィヤグラグローブ,(Viyagura韋),,
equipment.32.56,equipment,EquipData[*][32][56][0],(Falcon Glove),ファルコングローブ,(獵鷹韋),,
equipment.32.57,equipment,EquipData[*][32][57][0],(Gold Buresa),ゴールドブレーサー,(金Buresa),,
equipment.32.58,equipment,EquipData[*][32][58][0],(Pukka Palm),プッカパーム,(Pukka棕櫚油),,
equipment.32.59,equipment,EquipData[*][32][59][0],(Polder Mittens),ポルダーミトン,(波德手套),,
equipment.32.60,equipment,EquipData[*][32][60][0],(Strong Buresa),ストロングブレーサー,(強 Buresa),,
equipment.32.61,equipment,EquipData[*][32][61][0],(Mana Bracelet),マナブレスレット,(法力手鍊),,
equipment.32.62,equipment,EquipData[*][32][62][0],(Spellbound Glove),スペルバウンドグローブ,(出神韋),,
equipment.32.63,equipment,EquipData[*][32][63][0],(Shiresucharu Brace),シレスチャルブレス,(Shiresucharu大括號),,
equipment.32.64,equipment,EquipData[*][32][64][0],(Sorcery Globe),ソーサリーグローブ,(巫環球),,
equipment.32.65,equipment,EquipData[*][32][65][0],(Electronic Globe),エレクトロニックグローブ,(電子環球),,
equipment.32.66,equipment,EquipData[*][32][66][0],(Brahma Gauntlet),梵天の篭手,(梵天岡特利特),,
equipment.32.67,equipment,EquipData[*][32][67][0],(Divine Buresa),ディバインブレーサー,(神Buresa),,
equipment.32.68,equipment,EquipData[*][32][68][0],(Variant Gauntlet),バリアントガントレット,(變岡特利特),,
equipment.32.69,equipment,EquipData[*][32][69][0],(Chrome Buresa),クロムブレーサー,(鍍鉻 Buresa),,
equipment.32.70,equipment,EquipData[*][32][70][0],(Spelling Buresa),スペルブレーサー,(拼寫 Buresa),,
equipment.32.71,equipment,EquipData[*][32][71][0],(Ambush Glove),アンブッシュグローブ,(伏擊韋),,
equipment.32.72,equipment,EquipData[*][32][72][0],(Touno Blitz Arm),トゥノブリッツアーム,(Touno閃電戰臂),,
equipment.32.73,equipment,EquipData[*][32][73][0],(Strike Glove),ストライクグローブ,(行使手套),,
equipment.32.74,equipment,EquipData[*][32][74][0],(Miriteito Glove),ミリテイトグローブ,(Miriteito韋),,
equipment.32.75,equipment,EquipData[*][32][75][0],(Sajesu Rouge Glove),サジェスルージュグローブ,(Sajesu高棉韋),,
equipment.32.76,equipment,EquipData[*][32][76][0],(Foruniddo Gauntlet),フォルニッドガントレット,(Foruniddo岡特利特),,
equipment.32.77,equipment,EquipData[*][32][77][0],(Groomist Glove),グルーミストグローブ,(Groomist手套),,
equipment.32.78,equipment,EquipData[*][32][78][0],(Mizasuta Glove),ミザスタグローブ,(Mizasuta韋),,
equipment.32.79,equipment,EquipData[*][32][79][0],(Ajeiru Hand),アジェイルハンド,(Ajeiru手),,
equipment.32.80,equipment,EquipData[*][32][80][0],(Iron Bracelet),アイアンブレスレット,(鐵手鍊),,
equipment.32.81,equipment,EquipData[*][32][81][0],(Fine Glove),ファイングローブ,(精細韋),,
equipment.32.82,equipment,EquipData[*][32][82][0],(Luna Glove),ルーナグローブ,(盧娜韋),,
equipment.32.83,equipment,EquipData[*][32][83][0],(Herine Ring),ヘリネリング,(Herine環),,
equipment.32.84,equipment,EquipData[*][32][84][0],(Dairanusu Gauntlet),ダイラヌスガントレット,(Dairanusu岡特利特),,
equipment.32.85,equipment,EquipData[*][32][85][0],(Hein Doreku Glove),ハインドレクグローブ,(海恩Doreku韋),,
equipment.32.86,equipment,EquipData[*][32][86][0],(Seeds Buresa),シーズブレーサー,(種子 Buresa),,
equipment.32.87,equipment,EquipData[*][32][87][0],(Giruga Grove),ギルーガグローブ,(Giruga手套),,
equipment.32.88,equipment,EquipData[*][32][88][0],(Newly Gauntlet),新鋭のガントレット,(先進笞刑),,
equipment.32.89,equipment,EquipData[*][32][89][0],(Newly Metal Bracers),新鋭のメタルブレーサー,(先進金屬護腕),,
equipment.32.90,equipment,EquipData[*][32][90][0],(Newly Silk Gloves),新鋭のシルクグローブ,(先進絲綢手套),,
equipment.32.91,equipment,EquipData[*][32][91][0],(Ritual Hand),リチュアルハンド,(儀式手套),,
equipment.32.92,equipment,EquipData[*][32][92][0],(Gothic Gauntlets),ゴシックガントレット,(哥特式護手),,
equipment.32.93,equipment,EquipData[*][32][93][0],(Orega Glass Glove),オレガグラスグローブ,(Orega玻璃罩),,
equipment.32.94,equipment,EquipData[*][32][94][0],(Fangfang Asutian Glove),芳色アスティアングローブ,(芳色艾斯提亞手套(男)),,
equipment.32.95,equipment,EquipData[*][32][95][0],(Fangfang Asutian Band),芳色アスティアンケイリス,(芳色艾斯提亞手套(女)),,
equipment.32.96,equipment,EquipData[*][32][96][0],(Moonlight Asutian Glove),月色アスティアングローブ,(月色艾斯提亞手套(男)),,
equipment.32.97,equipment,EquipData[*][32][97][0],(Moonlight Asutian Band),月色アスティアンケイリス,(月色艾斯提亞手套(女)),,
equipment.33.1,equipment,EquipData[*][33][1][0],(Pants),ズボン,(褲),,
equipment.33.2,equipment,EquipData[*][33][2][0],(Gyanbosu Kuisu),ギャンボースクィス,(Gyanbosu Kuisu),,
equipment.33.3,equipment,EquipData[*][33][3][0],(Christmas Pants),クリスマスズボン,(聖誕褲子),,
equipment.33.4,equipment,EquipData[*][33][4][0],(Silk Gyanbo),シルクギャンボ,(絲綢之路 Gyanbo),,
equipment.33.5,equipment,EquipData[*][33][5][0],(Human Trousers),ヒューマントラウザ,(人力褲),,
equipment.33.6,equipment,EquipData[*][33][6][0],(Human Pants),ヒューマンパンツ,(人力褲子),,
equipment.33.7,equipment,EquipData[*][33][7][0],(Elf Trousers),エルフトラウザ,(精靈褲),,
equipment.33.8,equipment,EquipData[*][33][8][0],(Elf Skirt),エルフスカート,(精靈裙),,
equipment.33.9,equipment,EquipData[*][33][9][0],(Dwarf Pants),ドワーフズボン,(矮人褲子),,
equipment.33.10,equipment,EquipData[*][33][10][0],(Mairin Hawes),マイリーンホーズ,(Mairin霍斯),,
equipment.33.11,equipment,EquipData[*][33][11][0],(Hold Enkidu),エンキドゥホールド,(保持Enkidu),,
equipment.33.12,equipment,EquipData[*][33][12][0],(Lapin Pants),ラピンパンツ,(拉平褲子),,
equipment.33.13,equipment,EquipData[*][33][13][0],(Magic Gyanbo),マジックギャンボ,(魔術 Gyanbo),,
equipment.33.14,equipment,EquipData[*][33][14][0],(Leather datasets),レザータセット,(皮革數據集),,
equipment.33.15,equipment,EquipData[*][33][15][0],(Little xxx Bottom),リトル○○○ボトム,(小xxx底部),,
equipment.33.16,equipment,EquipData[*][33][16][0],(Magician Albe),魔術師のアルブ,(魔術師 Albe),,
equipment.33.17,equipment,EquipData[*][33][17][0],(Flax Alve),亜麻のアルブ,(亞麻 VXI總線),,
equipment.33.18,equipment,EquipData[*][33][18][0],(Leather Shousu),レザーショウス,(皮革Shousu),,
equipment.33.19,equipment,EquipData[*][33][19][0],(Blessing Albe),祝福のアルブ,(祝福Albe),,
equipment.33.20,equipment,EquipData[*][33][20][0],(Dawn Trousers Human),暁のヒューマントラウザ,(黎明褲人),,
equipment.33.21,equipment,EquipData[*][33][21][0],(Dawn Human Pants),暁のヒューマンパンツ,(黎明人類褲子),,
equipment.33.22,equipment,EquipData[*][33][22][0],(Dawn Trousers Elf),暁のエルフトラウザ,(黎明褲精靈),,
equipment.33.23,equipment,EquipData[*][33][23][0],(Dawn Elves skirt),暁のエルフスカート,(黎明精靈裙子),,
equipment.33.24,equipment,EquipData[*][33][24][0],(Dwarf pants at dawn),暁のドワーフズボン,(矮人褲子在黎明),,
equipment.33.25,equipment,EquipData[*][33][25][0],(Dawn Hawes Mairin),暁のマイリーンホーズ,(黎明霍斯Mairin),,
equipment.33.26,equipment,EquipData[*][33][26][0],(Dawn holds Enkidu),暁のエンキドゥホールド,(黎明持有Enkidu),,
equipment.33.27,equipment,EquipData[*][33][27][0],(Dawn Lappin pants),暁のラピンパンツ,(黎明拉平褲),,
equipment.33.28,equipment,EquipData[*][33][28][0],(Bottom Suite),スイートボトム,(底部套房),,
equipment.33.29,equipment,EquipData[*][33][29][0],(Bottom White Charm),ホワイトチャームボトム,(底部的白色魅力),,
equipment.33.30,equipment,EquipData[*][33][30][0],(Cute Bottom Brown),ブラウンキュートボトム,(可愛底棕色),,
equipment.33.31,equipment,EquipData[*][33][31][0],(Asutian Pants),アスティアンパンツ,(艾斯提亞褲子),,
equipment.33.32,equipment,EquipData[*][33][32][0],(Pik Asutian Pants),翠色アスティアンパンツ,(碧色艾斯提亞褲子),,
equipment.33.33,equipment,EquipData[*][33][33][0],(Snow Asutian Pants),碧色アスティアンパンツ,(雪色艾斯提亞褲子),,
equipment.33.34,equipment,EquipData[*][33][34][0],(Jade Asutian Pants),夜色アスティアンパンツ,(綠色艾斯提亞褲子),,
equipment.33.35,equipment,EquipData[*][33][35][0],(Night Asutian Pants),雪色アスティアンパンツ,(夜色艾斯提亞褲子),,
equipment.33.36,equipment,EquipData[*][33][36][0],(Scarlet Asutian Pants),緋色アスティアンパンツ,(紅色艾斯提亞褲子),,
equipment.33.37,equipment,EquipData[*][33][37][0],(Sukeiru tasets),スケイルタセット,(Sukeiru數據集),,
equipment.33.38,equipment,EquipData[*][33][38][0],(Fleece Alve),フリースのアルブ,(羊毛VXI總線),,
equipment.33.39,equipment,EquipData[*][33][39][0],(Mail Shousu),メイルショウス,(郵件 Shousu),,
equipment.33.40,equipment,EquipData[*][33][40][0],(Scar Shousu),スカーショウス,(刀疤Shousu),,
equipment.33.41,equipment,EquipData[*][33][41][0],(Tigger Kuisu),ティーガークィス,(跳跳虎Kuisu),,
equipment.33.42,equipment,EquipData[*][33][42][0],(Paieti Albe),パイエティアルブ,(Paieti Albe),,
equipment.33.43,equipment,EquipData[*][33][43][0],(Moonlight Alve),月明のアルブ,(月光VXI總線),,
equipment.33.44,equipment,EquipData[*][33][44][0],(Plate Kuisu),プレートクィス,(圖版 Kuisu),,
equipment.33.45,equipment,EquipData[*][33][45][0],(Falcon Bottom),ファルコンボトム,(獵鷹下),,
equipment.33.46,equipment,EquipData[*][33][46][0],(Monastic Alve),修道士のアルブ,(寺院VXI總線),,
equipment.33.47,equipment,EquipData[*][33][47][0],(Bligh Shousu),ブライショウス,(布萊 Shousu),,
equipment.33.48,equipment,EquipData[*][33][48][0],(Gold Kuisu),ゴールドクィス,(金Kuisu),,
equipment.33.49,equipment,EquipData[*][33][49][0],(Divine Alve),ディバインアルブ,(神VXI總線),,
equipment.33.50,equipment,EquipData[*][33][50][0],(Variant Kuisu),バリアントクィス,(變 Kuisu),,
equipment.33.51,equipment,EquipData[*][33][51][0],(Moonlight Alve),月明のアルブ,(月光VXI總線),,
equipment.33.52,equipment,EquipData[*][33][52][0],(Monastic Alve),修道士のアルブ,(寺院VXI總線),,
equipment.33.53,equipment,EquipData[*][33][53][0],(Bligh Shousu),ブライショウス,(布萊 Shousu),,
equipment.33.54,equipment,EquipData[*][33][54][0],(Exorcist Albe),祓魔のアルブ,(驅魔 Albe),,
equipment.33.55,equipment,EquipData[*][33][55][0],(Ambush Trousers),アンブッシュトラウザ,(伏擊褲),,
equipment.33.56,equipment,EquipData[*][33][56][0],(Touno Blitz Kuisu),トゥノブリッツクィス,(Touno閃電戰 Kuisu),,
equipment.33.57,equipment,EquipData[*][33][57][0],(Strike Trousers),ストライクトラウザ,(行使褲),,
equipment.33.58,equipment,EquipData[*][33][58][0],(Miriteito Bottom),ミリテイトボトム,(Miriteito下),,
equipment.33.59,equipment,EquipData[*][33][59][0],(Sajesu Rouge pants),サジェスルージュズボン,(Sajesu高棉褲),,
equipment.33.60,equipment,EquipData[*][33][60][0],(Foruniddo Kuisu),フォルニッドクィス,(Foruniddo Kuisu),,
equipment.33.61,equipment,EquipData[*][33][61][0],(Forbidden Albe),フォビドゥンアルブ,(禁止Albe),,
equipment.33.62,equipment,EquipData[*][33][62][0],(Groomist Kuisu),グルーミストクィス,(Groomist Kuisu),,
equipment.33.63,equipment,EquipData[*][33][63][0],(Mizasuta Albe),ミザスタアルブ,(Mizasuta Albe),,
equipment.33.64,equipment,EquipData[*][33][64][0],(Ajeiru Shousu),アジェイルショウス,(Ajeiru Shousu),,
equipment.33.65,equipment,EquipData[*][33][65][0],(Eternal Night Alve),永夜のアルブ,(永恆之夜VXI總線),,
equipment.33.66,equipment,EquipData[*][33][66][0],(Shadow Shousu),シャドウショウス,(暗影Shousu),,
equipment.33.67,equipment,EquipData[*][33][67][0],(Legard Shousu),レガードショウス,(萊加德 Shousu),,
equipment.33.68,equipment,EquipData[*][33][68][0],(Dairanusu Pants),ダイラヌスパンツ,(Dairanusu褲子),,
equipment.33.69,equipment,EquipData[*][33][69][0],(Hein Doreku Pants),ハインドレクズボン,(海恩Doreku褲子),,
equipment.33.70,equipment,EquipData[*][33][70][0],(Gothic Kuisu),ゴシッククィス,(哥特式Kuisu),,
equipment.33.71,equipment,EquipData[*][33][71][0],(Giruga Shousu),ギルーガショウス,(Giruga褲子),,
equipment.33.72,equipment,EquipData[*][33][72][0],(Newly Armor Shouse),新鋭のメイルショウス,(先進甲醋廠),,
equipment.33.73,equipment,EquipData[*][33][73][0],(Newly Scale tasets),新鋭のスケイルタセット,(先進建大型數據集),,
equipment.33.74,equipment,EquipData[*][33][74][0],(Newly Fleece Arve),新鋭のフリースアルブ,(先進羊毛艾雲),,
equipment.33.75,equipment,EquipData[*][33][75][0],(Newly Blessing Arve),新鋭の祝福アルブ,(先進祝福艾雲),,
equipment.33.76,equipment,EquipData[*][33][76][0],(Ritual Legs),リチュアルレッグス,(儀式腿部),,
equipment.33.77,equipment,EquipData[*][33][77][0],(Orega Glass Arve),オレガグラスアルブ,(Orega玻璃艾雲),,
equipment.33.78,equipment,EquipData[*][33][78][0],(Fangfang Asutian Pants),芳色アスティアンパンツ,(芳色艾斯提亞褲子),,
equipment.33.79,equipment,EquipData[*][33][79][0],(Moonlight Asutian Pants),月色アスティアンパンツ,(月色艾斯提亞褲子),,
equipment.34.1,equipment,EquipData[*][34][1][0],(Cloth Shoes),布の靴,(布鞋),,
equipment.34.2,equipment,EquipData[*][34][2][0],(Quilted Boots),キルトブーツ,(絎縫靴),,
equipment.34.3,equipment,EquipData[*][34][3][0],(Christmas Boots),クリスマスブーツ,(聖誕靴),,
equipment.34.4,equipment,EquipData[*][34][4][0],(Christmas Pump),クリスマスパンプ,(聖誕節泵),,
equipment.34.5,equipment,EquipData[*][34][5][0],(Human Boots),ヒューマンブーツ,(人力靴),,
equipment.34.6,equipment,EquipData[*][34][6][0],(Elf Boots),エルフブーツ,(精靈靴),,
equipment.34.7,equipment,EquipData[*][34][7][0],(Dwarven Boots),ドワーフブーツ,(矮人靴),,
equipment.34.8,equipment,EquipData[*][34][8][0],(Mairin Boots),マイリーンブーツ,(Mairin靴),,
equipment.34.9,equipment,EquipData[*][34][9][0],(Enkidu Boots),エンキドゥブーツ,(Enkidu靴),,
equipment.34.10,equipment,EquipData[*][34][10][0],(Lapin Boots),ラピンブーツ,(拉平靴),,
equipment.34.11,equipment,EquipData[*][34][11][0],(Norma Boot),ノーマブーツ,(諾瑪引導),,
equipment.34.12,equipment,EquipData[*][34][12][0],(Suede Boots),スエードブーツ,(麂皮靴),,
equipment.34.13,equipment,EquipData[*][34][13][0],(Leather Boots),レザーブーツ,(皮革靴),,
equipment.34.14,equipment,EquipData[*][34][14][0],(Dawn Human Boots),暁のヒューマンブーツ,(黎明人類靴),,
equipment.34.15,equipment,EquipData[*][34][15][0],(Dawn Elf Boots),暁のエルフブーツ,(黎明精靈靴),,
equipment.34.16,equipment,EquipData[*][34][16][0],(Dwarf Dawn Boots),暁のドワーフブーツ,(矮人黎明靴),,
equipment.34.17,equipment,EquipData[*][34][17][0],(Dawn Mairin Boots),暁のマイリーンブーツ,(黎明Mairin靴),,
equipment.34.18,equipment,EquipData[*][34][18][0],(Dawn Enkidu Boots),暁のエンキドゥブーツ,(黎明Enkidu靴),,
equipment.34.19,equipment,EquipData[*][34][19][0],(Dawn Lappin Boots),暁のラピンブーツ,(黎明拉平靴),,
equipment.34.20,equipment,EquipData[*][34][20][0],(Suite Boots),スイートブーツ,(套件靴),,
equipment.34.21,equipment,EquipData[*][34][21][0],(White Charm Boot),ホワイトチャームブーツ,(白魅力引導),,
equipment.34.22,equipment,EquipData[*][34][22][0],(Brown Cute boots),ブラウンキュートブーツ,(布朗可愛靴),,
equipment.34.23,equipment,EquipData[*][34][23][0],(Ancient Boots),エンシェントブーツ,(古靴),,
equipment.34.24,equipment,EquipData[*][34][24][0],(Power Boots),パワーブーツ,(電源靴),,
equipment.34.25,equipment,EquipData[*][34][25][0],(Speed Boots),スピードブーツ,(速度之靴),,
equipment.34.26,equipment,EquipData[*][34][26][0],(Cure Boots),キュアブーツ,(治愈靴),,
equipment.34.27,equipment,EquipData[*][34][27][0],(Asutian Boots),アスティアンブーツ,(艾斯提亞鞋子),,
equipment.34.28,equipment,EquipData[*][34][28][0],(Asutian Pumps),アスティアンパンプ,(艾斯提亞水泵),,
equipment.34.29,equipment,EquipData[*][34][29][0],(Pik Asutian Boots),翠色アスティアンブーツ,(碧色艾斯提亞鞋子),,
equipment.34.30,equipment,EquipData[*][34][30][0],(Pik Asutian Pumps),翠色アスティアンパンプ,(碧色艾斯提亞水泵),,
equipment.34.31,equipment,EquipData[*][34][31][0],(Snow Asutian Boots),碧色アスティアンブーツ,(雪色艾斯提亞鞋子),,
equipment.34.32,equipment,EquipData[*][34][32][0],(Snow Asutian Pumps),碧色アスティアンパンプ,(雪色艾斯提亞水泵),,
equipment.34.33,equipment,EquipData[*][34][33][0],(Jade Asutian Boots),夜色アスティアンブーツ,(綠色艾斯提亞鞋子),,
equipment.34.34,equipment,EquipData[*][34][34][0],(Jade Asutian Pumps),夜色アスティアンパンプ,(綠色艾斯提亞水泵),,
equipment.34.35,equipment,EquipData[*][34][35][0],(Night Asutian Boots),雪色アスティアンブーツ,(夜色艾斯提亞鞋子),,
equipment.34.36,equipment,EquipData[*][34][36][0],(Night Asutian Pumps),雪色アスティアンパンプ,(夜色艾斯提亞水泵),,
equipment.34.37,equipment,EquipData[*][34][37][0],(Scarlet Asutian Boots),緋色アスティアンブーツ,(紅色艾斯提亞鞋子),,
equipment.34.38,equipment,EquipData[*][34][38][0],(Scarlet Asutian Pumps),緋色アスティアンパンプ,(紅色艾斯提亞水泵),,
equipment.34.39,equipment,EquipData[*][34][39][0],(Bat Boots),バッドブーツ,(蝙蝠靴),,
equipment.34.40,equipment,EquipData[*][34][40][0],(xx Knight Boots),○○のナイトブーツ,(xx騎士鞋子),,
equipment.34.41,equipment,EquipData[*][34][41][0],(xx Noble Boots),○○のノーブルブーツ,(xx貴族鞋子),,
equipment.34.42,equipment,EquipData[*][34][42][0],(Stud Boots),スタッドブーツ,(梭哈靴),,
equipment.34.43,equipment,EquipData[*][34][43][0],(Greaves),グリーブス,(脛),,
equipment.34.44,equipment,EquipData[*][34][44][0],(Shinbarudo),シンバルド,(Shinbarudo),,
equipment.34.45,equipment,EquipData[*][34][45][0],(Sargent Boots),サージェントブーツ,(薩金特靴),,
equipment.34.46,equipment,EquipData[*][34][46][0],(Spector Shoes),スペクターシューズ,(斯佩克特鞋),,
equipment.34.47,equipment,EquipData[*][34][47][0],(Wing Boots),ウィングブーツ,(永靴),,
equipment.34.48,equipment,EquipData[*][34][48][0],(Blessing Boots),祝福のブーツ,(祝福靴),,
equipment.34.49,equipment,EquipData[*][34][49][0],(Heavy Boots),ヘビーブーツ,(重靴),,
equipment.34.50,equipment,EquipData[*][34][50][0],(Panther Boots),パンサーブーツ,(豹靴),,
equipment.34.51,equipment,EquipData[*][34][51][0],(Black Art Boots),ブラックアートブーツ,(黑色藝術靴),,
equipment.34.52,equipment,EquipData[*][34][52][0],(Brace Boots),ブレイズブーツ,(括號靴),,
equipment.34.53,equipment,EquipData[*][34][53][0],(Chicken Boots),チキンブーツ,(雞靴),,
equipment.34.54,equipment,EquipData[*][34][54][0],(Jeorumu Boots),ジェオルムブーツ,(Jeorumu靴),,
equipment.34.55,equipment,EquipData[*][34][55][0],(Silver Boots),シルバーブーツ,(銀靴),,
equipment.34.56,equipment,EquipData[*][34][56][0],(Mediusu Boots),メディウスブーツ,(Mediusu靴),,
equipment.34.57,equipment,EquipData[*][34][57][0],(Glorious Boots),グロリアスブーツ,(常靴),,
equipment.34.58,equipment,EquipData[*][34][58][0],(Spike Boots),スパイクブーツ,(穗靴),,
equipment.34.59,equipment,EquipData[*][34][59][0],(Ganoido Boots),ガノイドブーツ,(Ganoido靴),,
equipment.34.60,equipment,EquipData[*][34][60][0],(Falcon Boots),ファルコンブーツ,(獵鷹靴),,
equipment.34.61,equipment,EquipData[*][34][61][0],(Viyagura Boots),ヴィヤグラブーツ,(Viyagura靴),,
equipment.34.62,equipment,EquipData[*][34][62][0],(Celica Boots),セリカブーツ,(賽利卡靴),,
equipment.34.63,equipment,EquipData[*][34][63][0],(Felix Boots),フェリクスブーツ,(菲利克斯靴),,
equipment.34.64,equipment,EquipData[*][34][64][0],(Registry Boots),レジストリブーツ,(註冊表靴),,
equipment.34.65,equipment,EquipData[*][34][65][0],(Combat Boots),コンバットブーツ,(戰鬥靴),,
equipment.34.66,equipment,EquipData[*][34][66][0],(Schneider Boots),シュナイダーブーツ,(施耐德靴),,
equipment.34.67,equipment,EquipData[*][34][67][0],(Safety Boots),セーフティブーツ,(安全靴),,
equipment.34.68,equipment,EquipData[*][34][68][0],(Hangman Boots),ハングマンブーツ,(劊子手靴),,
equipment.34.69,equipment,EquipData[*][34][69][0],(Tyrant Boots),タイラントブーツ,(暴君靴),,
equipment.34.70,equipment,EquipData[*][34][70][0],(Cole Sir Boots),コールサーブーツ,(科爾爵士靴),,
equipment.34.71,equipment,EquipData[*][34][71][0],(Gold Greaves),ゴールドグリーブス,(金格雷亞韋斯),,
equipment.34.72,equipment,EquipData[*][34][72][0],(Divine Boots),ディバインブーツ,(神靴),,
equipment.34.73,equipment,EquipData[*][34][73][0],(Valiant Greaves),バリアントグリーブス,(瓦林特格雷亞韋斯),,
equipment.34.74,equipment,EquipData[*][34][74][0],(Buronyi Boots),ブローニィブーツ,(Buronyi靴),,
equipment.34.75,equipment,EquipData[*][34][75][0],(Ambush Boots),アンブッシュブーツ,(伏擊靴),,
equipment.34.76,equipment,EquipData[*][34][76][0],(Touno Blitz Sabahtons),トゥノブリッツサバトン,(Touno閃電戰 Sabahtons),,
equipment.34.77,equipment,EquipData[*][34][77][0],(Strike Boots),ストライクブーツ,(行使靴),,
equipment.34.78,equipment,EquipData[*][34][78][0],(Miriteito Boots),ミリテイトブーツ,(Miriteito靴),,
equipment.34.79,equipment,EquipData[*][34][79][0],(Sajesu Rouge Boots),サジェスルージュブーツ,(Sajesu高棉靴),,
equipment.34.80,equipment,EquipData[*][34][80][0],(Foruniddo Sabaht),フォルニッドサバトン,(Foruniddo Sabaht),,
equipment.34.81,equipment,EquipData[*][34][81][0],(Groomist Sabahtons),グルーミストサバトン,(Groomist Sabahtons),,
equipment.34.82,equipment,EquipData[*][34][82][0],(Mizasuta Boots),ミザスタブーツ,(Mizasuta靴),,
equipment.34.83,equipment,EquipData[*][34][83][0],(Ajeiru Boots),アジェイルブーツ,(Ajeiru靴),,
equipment.34.84,equipment,EquipData[*][34][84][0],(Quick Boots),クイックブーツ,(快速靴子),,
equipment.34.85,equipment,EquipData[*][34][85][0],(Caldo Boots),カルドブーツ,(Caldo靴),,
equipment.34.86,equipment,EquipData[*][34][86][0],(Fine Boots),ファインブーツ,(精細靴),,
equipment.34.87,equipment,EquipData[*][34][87][0],(Luna Boots),ルーナブーツ,(月神靴),,
equipment.34.88,equipment,EquipData[*][34][88][0],(Negro Boots),ネグロブーツ,(黑人靴),,
equipment.34.89,equipment,EquipData[*][34][89][0],(Dairanusu Boots),ダイラヌスブーツ,(Dairanusu靴),,
equipment.34.90,equipment,EquipData[*][34][90][0],(Hein Doreku Boots),ハインドレクブーツ,(海恩Doreku靴),,
equipment.34.91,equipment,EquipData[*][34][91][0],(Giruga Boots),ギルーガブーツ,(Giruga鞋子),,
equipment.34.92,equipment,EquipData[*][34][92][0],(Newly Greaves),新鋭のグリーブス,(先進護脛),,
equipment.34.93,equipment,EquipData[*][34][93][0],(Newly Leather Boots),新鋭のレザーブーツ,(先進皮靴),,
equipment.34.94,equipment,EquipData[*][34][94][0],(Newly Suede boots),新鋭のスエードブーツ,(先進麂皮靴),,
equipment.34.95,equipment,EquipData[*][34][95][0],(Ritual Foot),リチュアルフット,(儀式鞋子),,
equipment.34.96,equipment,EquipData[*][34][96][0],(Orega Glass Boots),オレガグラスブーツ,(Orega玻璃靴),,
equipment.34.97,equipment,EquipData[*][34][97][0],(Fangfang Asutian Boots),芳色アスティアンブーツ,(芳色艾斯提亞鞋子),,
equipment.34.98,equipment,EquipData[*][34][98][0],(Fangfang Asutian Pump),芳色アスティアンパンプ,(芳色艾斯提亞水泵),,
equipment.34.99,equipment,EquipData[*][34][99][0],(Moonlight Asutian Boots),月色アスティアンブーツ,(月色艾斯提亞鞋子),,
equipment.34.100,equipment,EquipData[*][34][100][0],(Moonlight Asutian Pump),月色アスティアンパンプ,(月色艾斯提亞水泵),,
equipment.35.1,equipment,EquipData[*][35][1][0],(Flax Cloak),亜麻のマント,(亞麻斗篷),,
equipment.35.2,equipment,EquipData[*][35][2][0],(Breeze Cloak),そよ風のマント,(微風斗篷),,
equipment.35.3,equipment,EquipData[*][35][3][0],(Golden Mantle),黄金のマント,(金地幔),,
equipment.35.4,equipment,EquipData[*][35][4][0],(Red Cloak),朱のマント,(紅色斗篷),,
equipment.35.5,equipment,EquipData[*][35][5][0],(Passion Cloak),情熱のマント,(激情斗篷),,
equipment.35.6,equipment,EquipData[*][35][6][0],(Advanced Mantle),新鋭のマント,(高級地幔),,
equipment.35.7,equipment,EquipData[*][35][7][0],(Kagero Cloak),陽炎のマント,(陽炎斗篷),,
equipment.35.8,equipment,EquipData[*][35][8][0],(Azure Cloak),蒼穹のマント,(天青斗篷),,
equipment.35.9,equipment,EquipData[*][35][9][0],(Eagle Cloak),大鷲のマント,(鷹斗篷),,
equipment.35.10,equipment,EquipData[*][35][10][0],(Glory Cloak),栄光のマント,(榮耀斗篷),,
equipment.35.11,equipment,EquipData[*][35][11][0],(Honor Cloak),栄誉のマント,(榮譽斗篷),,
equipment.35.12,equipment,EquipData[*][35][12][0],(Eternal Cloak),悠久のマント,(永恆斗篷),,
equipment.35.13,equipment,EquipData[*][35][13][0],(Cool Mantle),清涼のマント,(冷地幔),,
equipment.35.14,equipment,EquipData[*][35][14][0],(Earth Mantle),大地のマント,(地球地幔),,
equipment.35.15,equipment,EquipData[*][35][15][0],(Trick Cloak),トリックマント,(伎倆斗篷),,
equipment.35.16,equipment,EquipData[*][35][16][0],(Sunrise Cape),日の出マント,(日出角),,
equipment.35.17,equipment,EquipData[*][35][17][0],(Sorrow Cloak),悲哀のマント,(悲傷斗篷),,
equipment.35.18,equipment,EquipData[*][35][18][0],(Moonlight Cape),月明のマント,(月光角),,
equipment.35.19,equipment,EquipData[*][35][19][0],(Ancient Cloak),エンシェントクローク,(古斗篷),,
equipment.35.20,equipment,EquipData[*][35][20][0],(Shooter quiver),名射手の矢筒,(射擊顫動),,
equipment.35.21,equipment,EquipData[*][35][21][0],(Back Rodella),バックロデラ,(回Rodella),,
equipment.35.22,equipment,EquipData[*][35][22][0],(Back Puritouen),バックプリトウェン,(回Puritouen),,
equipment.35.23,equipment,EquipData[*][35][23][0],(Back Spike Shield),バックスパイクシールド,(回穗盾),,
equipment.35.24,equipment,EquipData[*][35][24][0],(Frame Cloak),焦熱のマント,(幀斗篷),,
equipment.35.25,equipment,EquipData[*][35][25][0],(Chill Cloak),氷結のマント,(冷藏斗篷),,
equipment.35.26,equipment,EquipData[*][35][26][0],(Thunder Cloak),雷電のマント,(雷霆斗篷),,
equipment.35.27,equipment,EquipData[*][35][27][0],(Poison Cloak),毒牙のマント,(毒斗篷),,
equipment.35.28,equipment,EquipData[*][35][28][0],(Light Cloak),光輝のマント,(光斗篷),,
equipment.35.29,equipment,EquipData[*][35][29][0],(Darkness Cloak),深淵のマント,(黑暗斗篷),,
equipment.35.30,equipment,EquipData[*][35][30][0],(Rainbow star cloak),星虹のマント,(彩虹星星斗篷),,
equipment.35.31,equipment,EquipData[*][35][31][0],(Winner Mantle),勝者のマント,(得獎者地幔),,
equipment.35.32,equipment,EquipData[*][35][32][0],(King Mantle),王者のマント,(王地幔),,
equipment.35.33,equipment,EquipData[*][35][33][0],(Haou Cloak),覇王のマント,(Haou斗篷),,
equipment.35.34,equipment,EquipData[*][35][34][0],(Munaru Cape),ムナールマント,(Munaru角),,
equipment.35.35,equipment,EquipData[*][35][35][0],(Draco Skin),ドラコスキン,(德拉科皮膚),,
equipment.40.1,equipment,EquipData[*][40][1][0],(Earring),イヤリング,(耳環),,
equipment.40.2,equipment,EquipData[*][40][2][0],(Black Cat Earrings),黒猫のピアス,(黑貓耳環),,
equipment.40.3,equipment,EquipData[*][40][3][0],(Gold Earrings),ゴールドイヤリング,(金耳環),,
equipment.40.4,equipment,EquipData[*][40][4][0],(Calm Earrings),カームイヤリング,(平靜耳環),,
equipment.40.5,equipment,EquipData[*][40][5][0],(Atea Earrings),アテアイヤリング,(Atea耳環),,
equipment.40.6,equipment,EquipData[*][40][6][0],(Seoul Pierce),ソウルピアス,(漢城皮爾斯),,
equipment.40.7,equipment,EquipData[*][40][7][0],(Everyday Earrings),ありふれたイヤリング,(每天耳環),,
equipment.40.8,equipment,EquipData[*][40][8][0],(Belle Earrings),ベルイヤリング,(拜耳耳環),,
equipment.40.9,equipment,EquipData[*][40][9][0],(Flint Pierce),フリントピアス,(弗林特皮爾斯),,
equipment.40.10,equipment,EquipData[*][40][10][0],(Magic Earrings),魔力のイヤリング,(魔術耳環),,
equipment.40.11,equipment,EquipData[*][40][11][0],(Inferno Earrings),猛火のイヤリング,(地獄耳環),,
equipment.40.12,equipment,EquipData[*][40][12][0],(Lead Earrings),リードイヤリング,(鉛耳環),,
equipment.40.13,equipment,EquipData[*][40][13][0],(Cobalt Earrings),コバルトイヤリング,(鈷耳環),,
equipment.40.14,equipment,EquipData[*][40][14][0],(Titanium Earrings),チタンイヤリング,(鈦耳環),,
equipment.40.15,equipment,EquipData[*][40][15][0],(Horn Earrings),ホーンピアス,(霍恩耳環),,
equipment.40.16,equipment,EquipData[*][40][16][0],(Attack Pierce),アタックピアス,(攻擊皮爾斯),,
equipment.40.17,equipment,EquipData[*][40][17][0],(Loon Earrings),ルーンピアス,(龍耳環),,
equipment.40.18,equipment,EquipData[*][40][18][0],(Bronze Earrings),ブロンズピアス,(銅耳環),,
equipment.40.19,equipment,EquipData[*][40][19][0],(Moon Earrings),ムーンピアス,(月亮耳環),,
equipment.40.20,equipment,EquipData[*][40][20][0],(Skeleton Earrings),スケルトンピアス,(骨架耳環),,
equipment.40.21,equipment,EquipData[*][40][21][0],(Muscle Pierce),マッスルピアス,(肌肉皮爾斯),,
equipment.40.22,equipment,EquipData[*][40][22][0],(Piercing Earrings),ピアッシングピアス,(穿孔耳環),,
equipment.40.23,equipment,EquipData[*][40][23][0],(Toughness Earrings),タフネスイヤリング,(韌性耳環),,
equipment.40.24,equipment,EquipData[*][40][24][0],(Sacrifice Earrings),サクリファイスイヤリング,(犧牲耳環),,
equipment.40.25,equipment,EquipData[*][40][25][0],(Knight Hood Piercing),ナイトフッドピアス,(騎士胡德穿孔),,
equipment.40.26,equipment,EquipData[*][40][26][0],(Breeze Earrings),ブリーズイヤリング,(微風耳環),,
equipment.40.27,equipment,EquipData[*][40][27][0],(Knight Earring),聖騎士の耳飾り,(騎士耳環),,
equipment.40.28,equipment,EquipData[*][40][28][0],(Snell Earrings),スネルイヤリング,(斯內爾耳環),,
equipment.40.29,equipment,EquipData[*][40][29][0],(Viguru Earrings),ヴィグルイヤリング,(Viguru耳環),,
equipment.40.30,equipment,EquipData[*][40][30][0],(Buresudo Earrings),ブレスドイヤリング,(Buresudo耳環),,
equipment.40.31,equipment,EquipData[*][40][31][0],(Mastery Earrings),マスタリーイヤリング,(通達耳環),,
equipment.40.32,equipment,EquipData[*][40][32][0],(Majestic Pierce),マジェスティックピアス,(大華皮爾斯),,
equipment.40.33,equipment,EquipData[*][40][33][0],(Ogre Earrings),オーガイヤリング,(食人魔耳環),,
equipment.40.34,equipment,EquipData[*][40][34][0],(Massive Pierce),マッシヴピアス,(大規模皮爾斯),,
equipment.40.35,equipment,EquipData[*][40][35][0],(Relent-less Pierce),リレントレスピアス,(亟皮爾斯),,
equipment.40.36,equipment,EquipData[*][40][36][0],(Justice Earrings),ジャスティスイヤリング,(司法部耳環),,
equipment.40.37,equipment,EquipData[*][40][37][0],(Zephyr Earrings),ゼファーイヤリング,(澤弗耳環),,
equipment.40.38,equipment,EquipData[*][40][38][0],(Blinking Earrings),ブリンクイヤリング,(閃爍耳環),,
equipment.40.39,equipment,EquipData[*][40][39][0],(Masukyurian Pierce),マスキュリアンピアス,(Masukyurian皮爾斯),,
equipment.40.40,equipment,EquipData[*][40][40][0],(Buster Earrings),バスターイヤリング,(巴斯特耳環),,
equipment.40.41,equipment,EquipData[*][40][41][0],(Assassin Earrings),アサシンイヤリング,(刺客耳環),,
equipment.40.42,equipment,EquipData[*][40][42][0],(Strong Pierce),ストロングピアス,(強皮爾斯),,
equipment.40.43,equipment,EquipData[*][40][43][0],(Assault Earring),アサルトイヤリング,(攻擊耳環),,
equipment.40.44,equipment,EquipData[*][40][44][0],(Ball Earrings),舞踏のイヤリング,(球耳環),,
equipment.40.45,equipment,EquipData[*][40][45][0],(Wind Earring),ウインドイヤリング,(風耳環),,
equipment.40.46,equipment,EquipData[*][40][46][0],(Blue Knight Earring),青騎士のイヤリング,(藍騎士耳環),,
equipment.40.47,equipment,EquipData[*][40][47][0],(Blue Hunter Earring),青狩人のイヤリング,(藍獵人耳環),,
equipment.40.48,equipment,EquipData[*][40][48][0],(Blue Saint Earring),青聖者のイヤリング,(藍聖耳環),,
equipment.40.49,equipment,EquipData[*][40][49][0],(Blue Guru Earring),青導師のイヤリング,(藍大師耳環),,
equipment.40.50,equipment,EquipData[*][40][50][0],(Piercing Silence),サイレンスピアス,(穿刺沉默),,
equipment.40.51,equipment,EquipData[*][40][51][0],(Blau Earrings),ブラウイヤリング,(布勞耳環),,
equipment.40.52,equipment,EquipData[*][40][52][0],(Poor Earrings),劣悪なイヤリング,(可憐的耳環),,
equipment.40.53,equipment,EquipData[*][40][53][0],(Red Knight Earring),赤騎士のイヤリング,(紅騎士耳環),,
equipment.40.54,equipment,EquipData[*][40][54][0],(Red Hunter Earrings),赤狩人のイヤリング,(紅獵人耳環),,
equipment.40.55,equipment,EquipData[*][40][55][0],(Red Saints Earrings),赤聖者のイヤリング,(紅聖人耳環),,
equipment.40.56,equipment,EquipData[*][40][56][0],(Red Between Earrings),赤導師のイヤリング,(紅宗師耳環),,
equipment.41.1,equipment,EquipData[*][41][1][0],(Necklace),ネックレス,(項鍊),,
equipment.41.2,equipment,EquipData[*][41][2][0],(Chikochiko Pendant),チコチコペンダント,(Chikochiko挂件),,
equipment.41.3,equipment,EquipData[*][41][3][0],(Ceremonial Necklace),祭祀のネックレス,(禮儀項鍊),,
equipment.41.4,equipment,EquipData[*][41][4][0],(Exorcist Amulet),祓魔のアミュレット,(驅魔護符),,
equipment.41.5,equipment,EquipData[*][41][5][0],(Moonlight Amulet),月明のアミュレット,(月光護身符),,
equipment.41.6,equipment,EquipData[*][41][6][0],(Shadows Cross Amulet),影渡りのアミュレット,(陰影十字護身符),,
equipment.41.7,equipment,EquipData[*][41][7][0],(Robust Amulet),堅牢のアミュレット,(魯棒護身符),,
equipment.41.8,equipment,EquipData[*][41][8][0],(Saints Amulet),聖者のアミュレット,(聖佛),,
equipment.41.9,equipment,EquipData[*][41][9][0],(Night Hood Amulet),ナイトフッドアミュレット,(夜胡德護身符),,
equipment.41.10,equipment,EquipData[*][41][10][0],(Poor Necklace),劣悪なネックレス,(可憐的項鍊),,
equipment.41.11,equipment,EquipData[*][41][11][0],(Simple Necklace),ありふれたネックレス,(簡單項鍊),,
equipment.41.12,equipment,EquipData[*][41][12][0],(Christmas Cross),クリスマスクロス,聖誕節(十字),,
equipment.41.13,equipment,EquipData[*][41][13][0],(Mileage Necklace),マイレイジネックレス,(里程項鍊),,
equipment.41.14,equipment,EquipData[*][41][14][0],(Miasma Necklace),ミアズマネックレス,(瘴氣項鍊),,
equipment.41.15,equipment,EquipData[*][41][15][0],(Falcon Necklace),隼のネックレス,(獵鷹項鍊),,
equipment.41.16,equipment,EquipData[*][41][16][0],(Impact Necklace),衝撃のネックレス,(影響項鍊),,
equipment.41.17,equipment,EquipData[*][41][17][0],(Awakening Necklace),覚醒のネックレス,(覺醒項鍊),,
equipment.41.18,equipment,EquipData[*][41][18][0],(Light Necklace),光のネックレス,(光項鍊),,
equipment.41.19,equipment,EquipData[*][41][19][0],(Ancient necklace),古の首飾り,(古項鍊),,
equipment.41.20,equipment,EquipData[*][41][20][0],(Silver necklace),銀の首飾り,(銀項鍊),,
equipment.41.21,equipment,EquipData[*][41][21][0],(Rosary),ロザリオ,(玫瑰),,
equipment.41.22,equipment,EquipData[*][41][22][0],(Necklace of Poison),猛毒のネックレス,(項鍊的毒藥),,
equipment.41.23,equipment,EquipData[*][41][23][0],(Jade Necklace),翡翠のネックレス,(翡翠項鍊),,
equipment.41.24,equipment,EquipData[*][41][24][0],(Passion Necklace),情熱のネックレス,(激情項鍊),,
equipment.41.25,equipment,EquipData[*][41][25][0],(Diabolical Amulet),魔性のアミュレット,(惡魔護身符),,
equipment.41.26,equipment,EquipData[*][41][26][0],(Mother goddess Amulet),地母神のアミュレット,(母親女神護身符),,
equipment.41.27,equipment,EquipData[*][41][27][0],(Devil Amulet),天魔のアミュレット,(惡魔護身符),,
equipment.41.28,equipment,EquipData[*][41][28][0],(Guardian Necklace),ガーディアンネックレス,(監護人項鍊),,
equipment.41.29,equipment,EquipData[*][41][29][0],(Hunter Necklace),ハンターネックレス,(獵人項鍊),,
equipment.41.30,equipment,EquipData[*][41][30][0],(Collar Hero),豪傑の首輪,(領英雄),,
equipment.41.31,equipment,EquipData[*][41][31][0],(Gale Necklace),疾風のネックレス,(烈風項鍊),,
equipment.41.32,equipment,EquipData[*][41][32][0],(Seduction Amulet),誘惑のアミュレット,(誘惑護身符),,
equipment.41.33,equipment,EquipData[*][41][33][0],(Spiritual Necklaces),スピリチュアルネックレス,(精神項鍊),,
equipment.41.34,equipment,EquipData[*][41][34][0],(Kotodama Necklace),言霊のネックレス,(Kotodama項鍊),,
equipment.41.35,equipment,EquipData[*][41][35][0],(Australian arm Necklace),豪腕のネックレス,(澳洲分部項鍊),,
equipment.41.36,equipment,EquipData[*][41][36][0],(Risky Amulet),リスキーアミュレット,(冒險護身符),,
equipment.41.37,equipment,EquipData[*][41][37][0],(Solace Amulet),怨恨のアミュレット,(索拉斯護身符),,
equipment.41.38,equipment,EquipData[*][41][38][0],(Purge Necklace),パージネックレス,(吹掃項鍊),,
equipment.41.39,equipment,EquipData[*][41][39][0],(Fix Necklace),フィクスネックレス,(修正項鍊),,
equipment.41.40,equipment,EquipData[*][41][40][0],(Wind Necklace),ウィンドネックレス,(風項鍊),,
equipment.41.41,equipment,EquipData[*][41][41][0],(Love Amulet),慈愛のアミュレット,(愛佛),,
equipment.41.42,equipment,EquipData[*][41][42][0],(Horses together Amulet),人馬一体のアミュレット,(馬一起護身符),,
equipment.41.43,equipment,EquipData[*][41][43][0],(Bargain Amulet),見切りのアミュレット,(特賣護身符),,
equipment.41.44,equipment,EquipData[*][41][44][0],(Pure Amulet),祈浄のアミュレット,(純護身符),,
equipment.41.45,equipment,EquipData[*][41][45][0],(Ghost Amulet),魍魎のアミュレット,(鬼護身符),,
equipment.41.46,equipment,EquipData[*][41][46][0],(Chime Amulet),チャイムアミュレット,(編鐘護身符),,
equipment.41.47,equipment,EquipData[*][41][47][0],(Grudge Amulet),遺恨のアミュレット,(咒怨護身符),,
equipment.41.48,equipment,EquipData[*][41][48][0],(Marshall Necklace),マーシャルネックレス,(馬歇爾項鍊),,
equipment.41.49,equipment,EquipData[*][41][49][0],(Sense of Soul),センスオブソウル,(感的靈魂),,
equipment.41.50,equipment,EquipData[*][41][50][0],(Brilliant Necklace),ブリリアントネックレス,(亮項鍊),,
equipment.41.51,equipment,EquipData[*][41][51][0],(Impatiens Necklace),インパチェンスネックレス,(鳳仙花項鍊),,
equipment.41.52,equipment,EquipData[*][41][52][0],(Elemental Master),エレメンタルマスター,(元素碩士),,
equipment.41.53,equipment,EquipData[*][41][53][0],(Collar maker),職人の首輪,(領者),,
equipment.41.54,equipment,EquipData[*][41][54][0],(Lunatic Stone),ルナティックストーン,(瘋子石),,
equipment.41.55,equipment,EquipData[*][41][55][0],(Tiger Necklace),ティーガーネックレス,(虎項鍊),,
equipment.41.56,equipment,EquipData[*][41][56][0],(Naga Necklace),ナーガネックレス,(娜迦項鍊),,
equipment.41.57,equipment,EquipData[*][41][57][0],(Lovage Necklace),ラビッジネックレス,(洛瓦奇項鍊),,
equipment.41.58,equipment,EquipData[*][41][58][0],(Tough Necklace),タフネックレス,(艱難的項鍊),,
equipment.41.59,equipment,EquipData[*][41][59][0],(Powered necklace),パワードネックレス,(動力項鍊),,
equipment.41.60,equipment,EquipData[*][41][60][0],(Away Necklace),アウェイネックレス,(客場項鍊),,
equipment.41.61,equipment,EquipData[*][41][61][0],(Duende Amulet),デュエンデアミュレット,(魔力護身符),,
equipment.41.62,equipment,EquipData[*][41][62][0],(Nimble Amulet),ニンブルアミュレット,(敏捷護身符),,
equipment.41.63,equipment,EquipData[*][41][63][0],(Edel Rosario),エーデルロザリオ,(埃德爾羅薩里奧),,
equipment.41.64,equipment,EquipData[*][41][64][0],(Protection Necklace),加護のネックレス,(保護項鍊),,
equipment.41.65,equipment,EquipData[*][41][65][0],(Infideru Necklace),インフィデルネックレス,(Infideru項鍊),,
equipment.42.1,equipment,EquipData[*][42][1][0],(Belt),ベルト,(帶),,
equipment.42.2,equipment,EquipData[*][42][2][0],(Balm Belt),バルムベルト,(膏帶),,
equipment.42.3,equipment,EquipData[*][42][3][0],(Recovery Belt),リカバリーベルト,(追討​​帶),,
equipment.42.4,equipment,EquipData[*][42][4][0],(Full moon belt),満月のベルト,(月圓帶),,
equipment.42.5,equipment,EquipData[*][42][5][0],(Poor Belt),劣悪なベルト,(可憐的帶),,
equipment.42.6,equipment,EquipData[*][42][6][0],(Common Belt),ありふれたベルト,(普通帶),,
equipment.42.7,equipment,EquipData[*][42][7][0],(Saints loincloth),聖者の腰巻,(聖徒纏),,
equipment.42.8,equipment,EquipData[*][42][8][0],(Noble Belt),ノーブルベルト,(貴族帶),,
equipment.42.9,equipment,EquipData[*][42][9][0],(Mana Belt),マナベルト,(法力帶),,
equipment.42.10,equipment,EquipData[*][42][10][0],(Leather Belt),レザーベルト,(皮帶),,
equipment.42.11,equipment,EquipData[*][42][11][0],(Hunter Belt),ハンターベルト,(獵人帶),,
equipment.42.12,equipment,EquipData[*][42][12][0],(Belt Of Haste),ハイスピードベルト,(腰帶加速),,
equipment.42.13,equipment,EquipData[*][42][13][0],(Guardian Belt),ガーディアンベルト,(監護人帶),,
equipment.42.14,equipment,EquipData[*][42][14][0],(Master narrative loincloth),話術師の腰巻,(主敘事纏),,
equipment.42.15,equipment,EquipData[*][42][15][0],(Lion Hearted),ライオンハーテッド,(獅子希爾特德),,
equipment.42.16,equipment,EquipData[*][42][16][0],(Virugo Belt),ヴィルゴーベルト,(Virugo帶),,
equipment.42.17,equipment,EquipData[*][42][17][0],(Sukeiru Belt),スケイルベルト,(Sukeiru帶),,
equipment.42.18,equipment,EquipData[*][42][18][0],(Gold Belt),ゴールドベルト,(金腰帶),,
equipment.42.19,equipment,EquipData[*][42][19][0],(Snake Belts),スネークベルト,(蛇帶),,
equipment.42.20,equipment,EquipData[*][42][20][0],(Critical Belts),クリティカルベルト,(臨界帶),,
equipment.42.21,equipment,EquipData[*][42][21][0],(Art of Talking),アートオブトーキング,(藝術的說話),,
equipment.42.22,equipment,EquipData[*][42][22][0],(Sonic Belt),ソニックベルト,(聲波帶),,
equipment.42.23,equipment,EquipData[*][42][23][0],(Night Hood Band),ナイトフッドバンド,(夜胡德樂隊),,
equipment.42.24,equipment,EquipData[*][42][24][0],(Lightning Belt),ライトニングベルト,(閃電帶),,
equipment.42.25,equipment,EquipData[*][42][25][0],(Buresudo Band),ブレスドバンド,(Buresudo樂隊),,
equipment.42.26,equipment,EquipData[*][42][26][0],(Ogre Belt),オーガベルト,(食人魔帶),,
equipment.42.27,equipment,EquipData[*][42][27][0],(Iron Belt),アイアンベルト,(鐵帶),,
equipment.42.28,equipment,EquipData[*][42][28][0],(Minotaur Belt),ミノタウロスベルト,(牛頭怪帶),,
equipment.42.29,equipment,EquipData[*][42][29][0],(Remove belt),リムーブベルト,(刪除帶),,
equipment.42.30,equipment,EquipData[*][42][30][0],(Cloete Belt),クロートベルト,(克盧蒂帶),,
equipment.42.31,equipment,EquipData[*][42][31][0],(Defi Belt),デフィベルト,(Defi帶),,
equipment.42.32,equipment,EquipData[*][42][32][0],(Wyss Belt),ウィースベルト,(威斯帶),,
equipment.42.33,equipment,EquipData[*][42][33][0],(Backwater belt),背水のベルト,(回水帶),,
equipment.42.34,equipment,EquipData[*][42][34][0],(Earth band),アースバンド,(大地帶),,
equipment.42.35,equipment,EquipData[*][42][35][0],(St. Swordman loincloth),剣聖の腰巻,(聖劍士纏),,
equipment.42.36,equipment,EquipData[*][42][36][0],(Fire belt),業火のベルト,(防火林帶),,
equipment.42.37,equipment,EquipData[*][42][37][0],(Goddess Belt),女神のベルト,(女神帶),,
equipment.42.38,equipment,EquipData[*][42][38][0],(Assault Belt),アサルトベルト,(攻擊帶),,
equipment.42.39,equipment,EquipData[*][42][39][0],(Wizard Band),ウィザードバンド,(精靈樂隊),,
equipment.42.40,equipment,EquipData[*][42][40][0],(Snuff Belt),スナッフベルト,(鼻煙帶),,
equipment.42.41,equipment,EquipData[*][42][41][0],(Toxin Belt),トキシンベルト,(毒素帶),,
equipment.42.42,equipment,EquipData[*][42][42][0],(Muscle Belt),マッスルベルト,(肌肉腰帶),,
equipment.42.43,equipment,EquipData[*][42][43][0],(Prophecy Belt),プロフェシーベルト,(預言帶),,
equipment.42.44,equipment,EquipData[*][42][44][0],(Spirit Belt),スピリットベルト,(靈帶),,
equipment.42.45,equipment,EquipData[*][42][45][0],(Gekitou Belt),激闘のベルト,(激鬥腰帶),,
equipment.42.46,equipment,EquipData[*][42][46][0],(Prompt Belt),プロンプトベルト,(提示腰帶),,
equipment.42.47,equipment,EquipData[*][42][47][0],(Adamant Belt),アダマンスベルト,(堅決腰帶),,
equipment.42.48,equipment,EquipData[*][42][48][0],(Narijji Belt),ナリッジベルト,(Narijji腰帶),,
equipment.42.49,equipment,EquipData[*][42][49][0],(Tenacity Band),テナシティーバンド,(集裝腰帶),,
equipment.43.1,equipment,EquipData[*][43][1][0],(Iron Ring),アイアンリング,(鐵環),,
equipment.43.2,equipment,EquipData[*][43][2][0],(Silver Ring),シルバーリング,(銀戒指),,
equipment.43.3,equipment,EquipData[*][43][3][0],(Berserk Ring),バーサークリング,(狂暴環),,
equipment.43.4,equipment,EquipData[*][43][4][0],(Ancient Ring),エンシェントリング,(古環),,
equipment.43.5,equipment,EquipData[*][43][5][0],(Hunter Ring),ハンターリング,(獵人環),,
equipment.43.6,equipment,EquipData[*][43][6][0],(Ghost Ring),ゴーストリング,(鬼環),,
equipment.43.7,equipment,EquipData[*][43][7][0],(Crystal Ring),クリスタルリング,(水晶環),,
equipment.43.8,equipment,EquipData[*][43][8][0],(Critical Ring),クリティカルリング,(臨界環),,
equipment.43.9,equipment,EquipData[*][43][9][0],(Goldring),ゴールドリング,(戈爾德林),,
equipment.43.10,equipment,EquipData[*][43][10][0],(Mud Ring),マッドリング,(泥環),,
equipment.43.11,equipment,EquipData[*][43][11][0],(Experiment Ring),エクスペリメントリング,(實驗環),,
equipment.43.12,equipment,EquipData[*][43][12][0],(Animal Ring),アニマルリング,(動物環),,
equipment.43.13,equipment,EquipData[*][43][13][0],(Insect Ring),インセクトリング,(昆蟲環),,
equipment.43.14,equipment,EquipData[*][43][14][0],(Bird Ring),バードリング,(鳥環),,
equipment.43.15,equipment,EquipData[*][43][15][0],(Holly Ring),ホーリーリング,(霍利環),,
equipment.43.16,equipment,EquipData[*][43][16][0],(Golem Ring),ゴーレムリング,(魔環),,
equipment.43.17,equipment,EquipData[*][43][17][0],(Glorious Ring),グロリアスリング,(常環),,
equipment.43.18,equipment,EquipData[*][43][18][0],(Spirit Ring),スピリットリング,(魔戒),,
equipment.43.19,equipment,EquipData[*][43][19][0],(Frozen Ring),凍結の指輪,(冷凍環),,
equipment.43.20,equipment,EquipData[*][43][20][0],(Vortex Ring),ボルテックリング,(渦環),,
equipment.43.21,equipment,EquipData[*][43][21][0],(Chicken Ring),チキンリング,(雞環),,
equipment.43.22,equipment,EquipData[*][43][22][0],(Flame Ring),フレイムリング,(火焰環),,
equipment.43.23,equipment,EquipData[*][43][23][0],(Fortune Ring),フォーチュンリング,(財富環),,
equipment.43.24,equipment,EquipData[*][43][24][0],(Sylph Ring),シルフの指輪,(空氣精靈環),,
equipment.43.25,equipment,EquipData[*][43][25][0],(Norm Ring),ノームの指輪,(規範環),,
equipment.43.26,equipment,EquipData[*][43][26][0],(Undine Ring),ウンディーネの指輪,(安丁環),,
equipment.43.27,equipment,EquipData[*][43][27][0],(Salamander Ring),サラマンダーの指輪,(薩勒曼德環),,
equipment.43.28,equipment,EquipData[*][43][28][0],(Fairy Ring),フェアリーリング,(童話環),,
equipment.43.29,equipment,EquipData[*][43][29][0],(Lightning Ring),ライトニングリング,(閃電環),,
equipment.43.30,equipment,EquipData[*][43][30][0],(Fury Ring),フューリーリング,(狂怒環),,
equipment.43.31,equipment,EquipData[*][43][31][0],(Blizzard Ring),ブリザードリング,(暴雪環),,
equipment.43.32,equipment,EquipData[*][43][32][0],(Temptation Ring),誘惑の指輪,(誘惑環),,
equipment.43.33,equipment,EquipData[*][43][33][0],(Buresudo Ring),ブレスドリング,(Buresudo環),,
equipment.43.34,equipment,EquipData[*][43][34][0],(Feather Ring),フェザーリング,(羽毛環),,
equipment.43.35,equipment,EquipData[*][43][35][0],(Wiseman Ring),ワイズマンリング,(懷斯曼環),,
equipment.43.36,equipment,EquipData[*][43][36][0],(Venom Ring),ベノムリング,(毒環),,
equipment.43.37,equipment,EquipData[*][43][37][0],(Steel Ring),スチールリング,(鋼環),,
equipment.43.38,equipment,EquipData[*][43][38][0],(Fferm Ring),フェルムリング,(Fferm環),,
equipment.43.39,equipment,EquipData[*][43][39][0],(Maurice Ring),モーリスリング,(莫里斯環),,
equipment.43.40,equipment,EquipData[*][43][40][0],(Pedion Ring),ペディオンリング,(單面晶環),,
equipment.43.41,equipment,EquipData[*][43][41][0],(Obashia Ring),オーバーシアリング,(Obashia環),,
equipment.43.42,equipment,EquipData[*][43][42][0],(Rogue Ring),ローグリング,(盜賊環),,
equipment.43.43,equipment,EquipData[*][43][43][0],(Smart Ring),スマートリング,(智能環),,
equipment.43.44,equipment,EquipData[*][43][44][0],(Over Uerumu Ring),オーバーウェルムリング,(超過 Uerumu環),,
equipment.43.45,equipment,EquipData[*][43][45][0],(Spoil Ring),スポイルリング,(棄渣環),,
equipment.43.46,equipment,EquipData[*][43][46][0],(Mystic Ring),ミスティックリング,(神秘環),,
equipment.43.47,equipment,EquipData[*][43][47][0],(Sukorudo Ring),スコルドリング,(Sukorudo環),,
equipment.43.48,equipment,EquipData[*][43][48][0],(Piercing Ring),ピアッシングリング,(穿刺環),,
equipment.43.49,equipment,EquipData[*][43][49][0],(Master Ring),達人のリング,(主環),,
equipment.43.50,equipment,EquipData[*][43][50][0],(Training Ring),修練のリング,(訓練環),,
equipment.43.51,equipment,EquipData[*][43][51][0],(Center ring),的中のリング,(中心環),,
equipment.43.52,equipment,EquipData[*][43][52][0],(Clever Ring),クレバーリング,(巧環),,
equipment.43.53,equipment,EquipData[*][43][53][0],(Black knight Ring),黒騎士のリング,(黑騎士環),,
equipment.43.54,equipment,EquipData[*][43][54][0],(Black hunter ring),黒狩人のリング,(黑獵人環),,
equipment.43.55,equipment,EquipData[*][43][55][0],(Black saint Ring),黒聖者のリング,(黑色聖環),,
equipment.43.56,equipment,EquipData[*][43][56][0],(Black magician ring),黒導師のリング,(黑色魔術師環),,
equipment.43.57,equipment,EquipData[*][43][57][0],(White knight Ring),白騎士のリング,(白騎士環),,
equipment.43.58,equipment,EquipData[*][43][58][0],(White hunter ring),白狩人のリング,(白色獵人環),,
equipment.43.59,equipment,EquipData[*][43][59][0],(White saint Ring),白聖者のリング,(白聖環),,
equipment.43.60,equipment,EquipData[*][43][60][0],(White magician ring),白導師のリング,(白魔術師環),,
equipment.43.61,equipment,EquipData[*][43][61][0],(Aguilas Ring),アギラスリング,(Aguilas環),,
equipment.43.62,equipment,EquipData[*][43][62][0],(Duel Ring),デュエルリング,(決鬥環),,
job.0,job,Name.Job[0],Warrior,ウォーリア,戰士,,
job.1,job,Name.Job[1],Gradiator,グラディエイター,角鬥士,,
job.2,job,Name.Job[2],Juggernaut,ジャガーノート,狂戰士,,
job.3,job,Name.Job[3],Dragoon,ドラグーン,龍騎士,,
job.4,job,Name.Job[4],Knight,ナイト,騎士,,
job.5,job,Name.Job[5],General,ジェネラル,重裝騎士,,
job.6,job,Name.Job[6],Paladin,パラディン,聖騎士,,
job.7,job,Name.Job[7],Scout,スカウト,斥候,,
job.8,job,Name.Job[8],Archer,アーチャー,弓箭手,,
job.9,job,Name.Job[9],Sniper,スナイパー,狙擊手,,
job.10,job,Name.Job[10],Hunter,プレデター,狩獵手,,
job.11,job,Name.Job[11],Provocateur,エージェント,密探,,
job.12,job,Name.Job[12],Assassin,アサシン,刺客,,
job.13,job,Name.Job[13],Saboteur,ディスターバンス,機關師,,
job.14,job,Name.Job[14],Acolyte,アコライト,聖職者,,
job.15,job,Name.Job[15],Priest,プリースト,牧師,,
job.16,job,Name.Job[16],Cleric,クレリック,主教,,
job.17,job,Name.Job[17],Enchanter,エンチャンター,吟遊詩人,,
job.18,job,Name.Job[18],Ascetic,アセティック,苦修士,,
job.19,job,Name.Job[19],Monk,モンク,武僧,,
job.20,job,Name.Job[20],Exorcist,エクソシスト,驅魔人,,
job.21,job,Name.Job[21],Mage,メイジ,法師,,
job.22,job,Name.Job[22],Wizard,ウィザード,術士,,
job.23,job,Name.Job[23],Warlock,ウォーロック,元素師,,
job.24,job,Name.Job[24],Conjurer,コンジュラー,德魯伊,,
job.25,job,Name.Job[25],Sorcerer,ダークロア,巫師,,
job.26,job,Name.Job[26],Corrupter,ジェスター,幻術師,,
job.27,job,Name.Job[27],Shadowblade,カラミティ,咒術師,,
race.0,race,Name.Race[0],Human,人間,人類,,
race.1,race,Name.Race[1],Elf,エルフ,精靈,,
race.2,race,Name.Race[2],Dwarf,ドワーフ,矮人,,
race.3,race,Name.Race[3],Myrine,マイリーン,暗精靈,,
race.4,race,Name.Race[4],Enkidu,エンキドゥ,巨人,,
race.5,race,Name.Race[5],Lapin,ラピン,拉比,,
racial_skill.0.0,racial_skill,Name.Race.Skill[0][0],Fighting Spirit,闘争心,鬥爭之心,,
racial_skill.0.1,racial_skill,Name.Race.Skill[0][1],Adaptability,適応能力,適應能力,,
racial_skill.0.2,racial_skill,Name.Race.Skill[0][2],Alchemy,薬学,藥理學,,
racial_skill.1.0,racial_skill,Name.Race.Skill[1][0],Harmony with Nature,自然との調和,自然協調,,
racial_skill.1.1,racial_skill,Name.Race.Skill[1][1],Eagle Eye,遠望,遠望,,
racial_skill.1.2,racial_skill,Name.Race.Skill[1][2],Steadfastness,乱れぬ精神,堅定意志,,
racial_skill.2.0,racial_skill,Name.Race.Skill[2][0],Stronghearted,強靭な心,堅韌之心,,
racial_skill.2.1,racial_skill,Name.Race.Skill[2][1],Dwarf Spirit,ドワーフ魂,矮人之魂,,
racial_skill.2.2,racial_skill,Name.Race.Skill[2][2],Filial Piety,家族愛,家族之愛,,
racial_skill.3.0,racial_skill,Name.Race.Skill[3][0],Acute Senses,鋭敏な感覚,敏銳感覺,,
racial_skill.3.1,racial_skill,Name.Race.Skill[3][1],Calmness,怒りの回帰,情緒掌控,,
racial_skill.3.2,racial_skill,Name.Race.Skill[3][2],Sharpness,直感回避,第六感,,
racial_skill.4.0,racial_skill,Name.Race.Skill[4][0],Stone Skin,頑丈な皮膚,石化皮膚,,
racial_skill.4.1,racial_skill,Name.Race.Skill[4][1],Strong Arm,豪腕,怪力,,
racial_skill.4.2,racial_skill,Name.Race.Skill[4][2],Lapin Support,ラピンサポート,拉比援護,,
racial_skill.5.0,racial_skill,Name.Race.Skill[5][0],Magic Resistance,魔抵抗体,魔抵阻抗,,
racial_skill.5.1,racial_skill,Name.Race.Skill[5][1],Inner Light,湧出する魔素,魔力湧泉,,
racial_skill.5.2,racial_skill,Name.Race.Skill[5][2],Enkidu Support,エンキドゥサポート,巨人援護,,
skill_entry.0.0,skill_entry,Skill[*][0][0][0],Provoke,プロボーク,激怒,,
skill_entry.0.1,skill_entry,Skill[*][0][1][0],Recovery Effects increased,回復量増加,藥劑專門,,
skill_entry.0.2,skill_entry,Skill[*][0][2][0],Lunge,ランジ,風之迅捷,,
skill_entry.0.3,skill_entry,Skill[*][0][3][0],Empower,ハイパワー,提高傷害,,
skill_entry.0.4,skill_entry,Skill[*][0][4][0],Leg Sweep,レッグカッティング,削足,,
skill_entry.0.5,skill_entry,Skill[*][0][5][0],Guard,フェイス,信念,,
skill_entry.0.6,skill_entry,Skill[*][0][6][0],Obscene Gesture,ノーティーマーク,瘋狂挑釁,,
skill_entry.0.7,skill_entry,Skill[*][0][7][0],War Cry,ウォークライ,戰爭祈禱,,
skill_entry.0.8,skill_entry,Skill[*][0][8][0],Providence,プロヴィデンス,天佑,,
skill_entry.0.9,skill_entry,Skill[*][0][9][0],Raging Soul,レイジングソウル,狂怒攻擊,,
skill_entry.0.10,skill_entry,Skill[*][0][10][0],Phalanx,ディフェンダー,防禦集中,,
skill_entry.0.11,skill_entry,Skill[*][0][11][0],Desperado,デスペラード,捨命攻擊,,
skill_entry.0.12,skill_entry,Skill[*][0][12][0],Skill Focus,アニメイトバースト,血之契約,,
skill_entry.0.13,skill_entry,Skill[*][0][13][0],Paralyzing Bond,バインディングキャッチ,致殘陷阱,,
skill_entry.0.14,skill_entry,Skill[*][0][14][0],Slash,スラッシュ,順劈,,
skill_entry.0.15,skill_entry,Skill[*][0][15][0],Bash,バッシュ,昏擊,,
skill_entry.0.16,skill_entry,Skill[*][0][16][0],Misdirection,ミスディレクション,匿蹤,,
skill_entry.0.17,skill_entry,Skill[*][0][17][0],Ossify,アンペイン,堅硬意志,,
skill_entry.1.0,skill_entry,Skill[*][1][0][0],Slice,スライス,二連斬,,
skill_entry.1.1,skill_entry,Skill[*][1][1][0],Dice,ハッシュ,三連斬,,
skill_entry.1.2,skill_entry,Skill[*][1][2][0],Whirling Strike,回転斬り,迴旋斬,,
skill_entry.1.3,skill_entry,Skill[*][1][3][0],Parry,パリィ,怒之反擊,,
skill_entry.1.4,skill_entry,Skill[*][1][4][0],Concentration,コンセントレーション,瞄準,,
skill_entry.1.5,skill_entry,Skill[*][1][5][0],Brutal Strike,シュート,急流,,
skill_entry.1.6,skill_entry,Skill[*][1][6][0],Sword Mastery,ソードマスタリー,劍術大師,,
skill_entry.2.0,skill_entry,Skill[*][2][0][0],Equine Charge,キーンアサルト,強襲,,
skill_entry.2.1,skill_entry,Skill[*][2][1][0],Charge,エクスチャージ,強突,,
skill_entry.2.2,skill_entry,Skill[*][2][2][0],Heave,エイミング,穿刺,,
skill_entry.2.3,skill_entry,Skill[*][2][3][0],Triple Stab,トリプルスタッブ,三連刺,,
skill_entry.2.4,skill_entry,Skill[*][2][4][0],Dismounting Stab,ウェポンスタッブ,回馬槍,,
skill_entry.2.5,skill_entry,Skill[*][2][5][0],Spear Volley,シューティングスピア,投槍,,
skill_entry.2.6,skill_entry,Skill[*][2][6][0],Quadruple Stab,クァッドスタッブ,四連刺,,
skill_entry.2.7,skill_entry,Skill[*][2][7][0],Horse Assault,リトート,反制,,
skill_entry.3.0,skill_entry,Skill[*][3][0][0],Clobber,兜割り,蓄勢,,
skill_entry.3.1,skill_entry,Skill[*][3][1][0],Riposte,パリィカウンター,反制一擊,,
skill_entry.3.2,skill_entry,Skill[*][3][2][0],Roar,イエール,神聖指引,,
skill_entry.3.3,skill_entry,Skill[*][3][3][0],Split,スプリット,地裂斬,,
skill_entry.3.4,skill_entry,Skill[*][3][4][0],Desperate Strike,フェイタルクラッシュ,亡命一擊,,
skill_entry.4.0,skill_entry,Skill[*][4][0][0],Stun,スタンブロウ,碎顱擊,,
skill_entry.4.1,skill_entry,Skill[*][4][1][0],Grand Shock,グランドショック,大地衝擊,,
skill_entry.4.2,skill_entry,Skill[*][4][2][0],Stun Hammer,スタンハンマー,眩暈錘,,
skill_entry.4.3,skill_entry,Skill[*][4][3][0],Shatter Armor,アーマーハードヒット,破防衝擊,,
skill_entry.4.4,skill_entry,Skill[*][4][4][0],Shield Break,シールドブレイク,？？？,,
skill_entry.4.5,skill_entry,Skill[*][4][5][0],Subvert,カラップストライク,？？？,,
skill_entry.5.0,skill_entry,Skill[*][5][0][0],Deflect,グレートウォール,棘刺護盾,,
skill_entry.5.1,skill_entry,Skill[*][5][1][0],Strong Stance,フィラクテリー,精神格擋,,
skill_entry.5.2,skill_entry,Skill[*][5][2][0],Defensive Attack,ディフェンシブアタック,防禦解散,,
skill_entry.5.3,skill_entry,Skill[*][5][3][0],Blocking,ブロッキング,格檔,,
skill_entry.5.4,skill_entry,Skill[*][5][4][0],Shield Bash,シールドバッシュ,盾牌重擊,,
skill_entry.5.5,skill_entry,Skill[*][5][5][0],Parapet,パラペット,剛毅護體,,
skill_entry.5.6,skill_entry,Skill[*][5][6][0],Auto-guard,オートガード,自動警衛,,
skill_entry.5.7,skill_entry,Skill[*][5][7][0],Shield Charge,シールドタックル,舉盾衝擊,,
skill_entry.5.8,skill_entry,Skill[*][5][8][0],Defensive March,ディフェンシブマーチ,防禦,,
skill_entry.5.9,skill_entry,Skill[*][5][9][0],Guardian,リライアンス,替身護衛,,
skill_entry.5.10,skill_entry,Skill[*][5][10][0],Bore Brunt,リラブランシュ,犧牲自我,,
skill_entry.5.11,skill_entry,Skill[*][5][11][0],Eternal Dirge,エターナルアンセム,詛咒的聖歌,,
skill_entry.6.0,skill_entry,Skill[*][6][0][0],Hawkeye,鷹の目,鷹眼,,
skill_entry.6.1,skill_entry,Skill[*][6][1][0],Quick Step,クイックステップ,迴避上升,,
skill_entry.6.2,skill_entry,Skill[*][6][2][0],Accelerate,ムーブアシスト,風之祝福,,
skill_entry.6.3,skill_entry,Skill[*][6][3][0],Third Eye,マインドサイト,提升專注,,
skill_entry.6.4,skill_entry,Skill[*][6][4][0],Treachery,ステルスワーク,隱密機關,,
skill_entry.7.0,skill_entry,Skill[*][7][0][0],Rapid Fire,ラピッドスタンス,速射,,
skill_entry.7.1,skill_entry,Skill[*][7][1][0],Sniper Nest,スナイプモード,精准狙擊,,
skill_entry.7.2,skill_entry,Skill[*][7][2][0],Kindling Arrow,キンドルアロー,燃油箭,,
skill_entry.7.3,skill_entry,Skill[*][7][3][0],Watchful Eye,トレースアイ,定時爆彈,,
skill_entry.7.4,skill_entry,Skill[*][7][4][0],Arrow Fusillade,アローフューゼレイド,風之速射,,
skill_entry.7.5,skill_entry,Skill[*][7][5][0],Flaming Arrow,フレーミングアロー,火箭,,
skill_entry.7.6,skill_entry,Skill[*][7][6][0],Cobra Arrow,ポイズンショット,毒箭,,
skill_entry.7.7,skill_entry,Skill[*][7][7][0],Arrow Rain,アングルショット,箭雨,,
skill_entry.7.8,skill_entry,Skill[*][7][8][0],Arrow Storm,アローストーム,箭之風暴,,
skill_entry.7.9,skill_entry,Skill[*][7][9][0],Multi Shot,マルチショット,多重箭,,
skill_entry.7.10,skill_entry,Skill[*][7][10][0],Charge Shot,チャージショット,擊退箭,,
skill_entry.7.11,skill_entry,Skill[*][7][11][0],Silence Arrow,シャットキャスティング,沉默之箭,,
skill_entry.7.12,skill_entry,Skill[*][7][12][0],Pinning Arrow,シャドースナッチ,影襲,,
skill_entry.8.0,skill_entry,Skill[*][8][0][0],Poison Making,クリエイトポイズン,毒藥製造,,
skill_entry.8.1,skill_entry,Skill[*][8][1][0],Toxify,フォックスグローブ,塗毒,,
skill_entry.8.2,skill_entry,Skill[*][8][2][0],Serum,シーラム,調製解毒劑,,
skill_entry.8.3,skill_entry,Skill[*][8][3][0],Potion Crafting,ベーシックフュージョン,神秘藥,,
skill_entry.8.4,skill_entry,Skill[*][8][4][0],Befuddle,エピデミックコラプト,惡魔語言,,
skill_entry.8.5,skill_entry,Skill[*][8][5][0],Toxic Aura,ビルトキシン,惡意毒素,,
skill_entry.8.6,skill_entry,Skill[*][8][6][0],Surveillance,クリアヴィジョン,洞察,,
skill_entry.9.0,skill_entry,Skill[*][9][0][0],Hide,ハイディング,隱身,,
skill_entry.9.1,skill_entry,Skill[*][9][1][0],Cloak,クローキング,隱蔽,,
skill_entry.9.2,skill_entry,Skill[*][9][2][0],Furtive Steps,オスモシスボディ,隱身專精,,
skill_entry.9.3,skill_entry,Skill[*][9][3][0],Counterpunch,ヴェラッシングチャンス,武器大師,,
skill_entry.9.4,skill_entry,Skill[*][9][4][0],Backstab,バックスタブ,背刺,,
skill_entry.9.5,skill_entry,Skill[*][9][5][0],Dagger Throw,ダガースロー,致命投擲,,
skill_entry.9.6,skill_entry,Skill[*][9][6][0],Rush,ラッシュ,鮮血之怒,,
skill_entry.9.7,skill_entry,Skill[*][9][7][0],Blindside,サプライズアタック,隱密刺殺,,
skill_entry.9.8,skill_entry,Skill[*][9][8][0],Pierce Armor,鎧通し,弱點攻擊,,
skill_entry.9.9,skill_entry,Skill[*][9][9][0],Double-Cross,リシディバイト,極惡歸返,,
skill_entry.10.0,skill_entry,Skill[*][10][0][0],Disarm,リムーブトラップ,陷阱潰散,,
skill_entry.10.1,skill_entry,Skill[*][10][1][0],Tangled Legs,グルーキャッチ,致殘陷阱,,
skill_entry.10.2,skill_entry,Skill[*][10][2][0],Plant Mine,エクスマイン,爆破陷阱,,
skill_entry.10.3,skill_entry,Skill[*][10][3][0],Worm Bomb,ワームボム,連續爆破,,
skill_entry.10.4,skill_entry,Skill[*][10][4][0],Safe Zone,カームスポット,平靜氣氛,,
skill_entry.10.5,skill_entry,Skill[*][10][5][0],Stone Prison,インピッドモノリス,陷馬坑,,
skill_entry.10.6,skill_entry,Skill[*][10][6][0],Mind Warp,メルトマインド,精神干擾,,
skill_entry.11.0,skill_entry,Skill[*][11][0][0],Invigorate,アナバシス,疾走,,
skill_entry.11.1,skill_entry,Skill[*][11][1][0],Backstep,バックステップ,遁逃,,
skill_entry.11.2,skill_entry,Skill[*][11][2][0],Dash,ダッシュ,突進,,
skill_entry.11.3,skill_entry,Skill[*][11][3][0],Quick Step,ファストアボイド,快速閃避,,
skill_entry.11.4,skill_entry,Skill[*][11][4][0],Tangled Fingers,タングルハンド,擾亂之觸,,
skill_entry.11.5,skill_entry,Skill[*][11][5][0],Reinforce,ラムセンス,炙熱守護,,
skill_entry.11.6,skill_entry,Skill[*][11][6][0],Avoidance,アボイダンス,閃避,,
skill_entry.11.7,skill_entry,Skill[*][11][7][0],Intuition,インスレイトセンス,堅守信仰,,
skill_entry.11.8,skill_entry,Skill[*][11][8][0],Bolster,フェアウィンド,疾速賦予,,
skill_entry.12.0,skill_entry,Skill[*][12][0][0],Meditation,メディテーション,靜心咒,,
skill_entry.12.1,skill_entry,Skill[*][12][1][0],Inspiration,インスピレーション,冥想,,
skill_entry.12.2,skill_entry,Skill[*][12][2][0],Blessed Garments,ホーリーディバイン,虔誠非凡,,
skill_entry.12.3,skill_entry,Skill[*][12][3][0],Physical Barrier,フィジカルバリア,守護祈禱,,
skill_entry.12.4,skill_entry,Skill[*][12][4][0],Magical Barrier,マジックバリア,意念祈禱,,
skill_entry.13.0,skill_entry,Skill[*][13][0][0],Heal,ヒール,治療術,,
skill_entry.13.1,skill_entry,Skill[*][13][1][0],Revive,レイズデッド,復活術,,
skill_entry.13.2,skill_entry,Skill[*][13][2][0],Sanctuary,テンプルム,聖堂之歌,,
skill_entry.13.3,skill_entry,Skill[*][13][3][0],Merciful Blessing,マグナウェリタス,聖母的祝福,,
skill_entry.13.4,skill_entry,Skill[*][13][4][0],Karmic Aura,ウァリエタース,聖母之心,,
skill_entry.13.5,skill_entry,Skill[*][13][5][0],First Aid,ファーストエイド,快速治癒,,
skill_entry.13.6,skill_entry,Skill[*][13][6][0],Cleanse,ミスリデート,解毒術,,
skill_entry.13.7,skill_entry,Skill[*][13][7][0],Regenerate,リクライム,恢復術,,
skill_entry.13.8,skill_entry,Skill[*][13][8][0],Vivify,アウェイクン,神聖耳語,,
skill_entry.13.9,skill_entry,Skill[*][13][9][0],Restoration,リストレーション,自然恢復,,
skill_entry.13.10,skill_entry,Skill[*][13][10][0],Healing Aura,ヒールスウェル,治療之風,,
skill_entry.13.11,skill_entry,Skill[*][13][11][0],Purify,コンプリートセラピー,天使障壁,,
skill_entry.14.0,skill_entry,Skill[*][14][0][0],Tranquil Mind,ギブンリポーズ,精靈的擁抱,,
skill_entry.14.1,skill_entry,Skill[*][14][1][0],Divine Aid,ディバインエイド,自然的祝福,,
skill_entry.14.2,skill_entry,Skill[*][14][2][0],Enchantment,エンハンスエンチャント,鋼力招來,,
skill_entry.14.3,skill_entry,Skill[*][14][3][0],Velox,グラーティア,風之祝福,,
skill_entry.14.4,skill_entry,Skill[*][14][4][0],Lapis Medio,ラピスメディオ,地之祝福,,
skill_entry.14.5,skill_entry,Skill[*][14][5][0],Impedimenta,インペディメンタ,殘廢咒,,
skill_entry.14.6,skill_entry,Skill[*][14][6][0],Group Barrier,ウィンクルム,聖母之守護,,
skill_entry.14.7,skill_entry,Skill[*][14][7][0],Aqua Elymus,アクアエリムス,聖水的祈求,,
skill_entry.14.8,skill_entry,Skill[*][14][8][0],Saltio,サルタティオ,祝福聖歌,,
skill_entry.14.9,skill_entry,Skill[*][14][9][0],Battle Prayer,プロエリウム,戰神祝福,,
skill_entry.15.0,skill_entry,Skill[*][15][0][0],Mana Restore,レックスナチュラリス,心靈啟動,,
skill_entry.15.1,skill_entry,Skill[*][15][1][0],Speedy Gale,ウィンドアシスト,閃避結界,,
skill_entry.15.2,skill_entry,Skill[*][15][2][0],Sound Mind,プロジェニー,淨化屏障,,
skill_entry.15.3,skill_entry,Skill[*][15][3][0],Mana Swap,スワップマナ,心靈轉換,,
skill_entry.15.4,skill_entry,Skill[*][15][4][0],Soul Swap,スワップソウル,身心轉換,,
skill_entry.15.5,skill_entry,Skill[*][15][5][0],Mental Aid,リビティウム,淨化,,
skill_entry.15.6,skill_entry,Skill[*][15][6][0],Pure Arrow,チャスタイズ,光之箭,,
skill_entry.15.7,skill_entry,Skill[*][15][7][0],Elemental Absorption,スワロウエレメント,元素屏障,,
skill_entry.15.8,skill_entry,Skill[*][15][8][0],Bless Weapon,ホーリーウェポン,虔誠賜予,,
skill_entry.15.9,skill_entry,Skill[*][15][9][0],Remedium,レメディウム,淨身術,,
skill_entry.15.10,skill_entry,Skill[*][15][10][0],Holy Rays,デシプリンサークル,天威降臨,,
skill_entry.15.11,skill_entry,Skill[*][15][11][0],Banish,アンサモン,黑暗回歸,,
skill_entry.15.12,skill_entry,Skill[*][15][12][0],Devotions,ディヴォーション,心靈連結,,
skill_entry.15.13,skill_entry,Skill[*][15][13][0],Silent Void,クワイエティズム,光之赦令,,
skill_entry.16.0,skill_entry,Skill[*][16][0][0],Minstrel's Song,詩人の歌,詩人之歌,,
skill_entry.16.1,skill_entry,Skill[*][16][1][0],Luminous Chant,ルミナスチャント,聖歌傳承,,
skill_entry.16.2,skill_entry,Skill[*][16][2][0],Peaceful Hymn,平和の歌,和平之歌,,
skill_entry.16.3,skill_entry,Skill[*][16][3][0],Sage's Song,魔力の歌,魔力之歌,,
skill_entry.17.0,skill_entry,Skill[*][17][0][0],Scholar,魔力上昇,魔力上升,,
skill_entry.17.1,skill_entry,Skill[*][17][1][0],Shadow Garments,ダークバインド,黑暗結合,,
skill_entry.18.0,skill_entry,Skill[*][18][0][0],Fire Bolt,ファイアボルト,火之矢,,
skill_entry.18.1,skill_entry,Skill[*][18][1][0],Shock,フラッシュ,閃電,,
skill_entry.18.2,skill_entry,Skill[*][18][2][0],Thunder Crash,サンダークラッシュ,巨雷破,,
skill_entry.18.3,skill_entry,Skill[*][18][3][0],Magical Aid,セントラライズ,精神修養,,
skill_entry.18.4,skill_entry,Skill[*][18][4][0],Hailstone,ヘイルストーン,冰之石,,
skill_entry.18.5,skill_entry,Skill[*][18][5][0],Thunder Ball,サンダーボール,雷鳥球,,
skill_entry.18.6,skill_entry,Skill[*][18][6][0],Ice Spear,アイススピア,冰之矛,,
skill_entry.18.7,skill_entry,Skill[*][18][7][0],Fire Storm,ファイアストーム,火之風暴,,
skill_entry.18.8,skill_entry,Skill[*][18][8][0],Resist Fire,レジストファイア,火系抗性,,
skill_entry.18.9,skill_entry,Skill[*][18][9][0],Resist Cold,レジストアイス,冰系抗性,,
skill_entry.18.10,skill_entry,Skill[*][18][10][0],Resist Lightning,レジストサンダー,雷系抗性,,
skill_entry.18.11,skill_entry,Skill[*][18][11][0],Ice Storm,アイスゾーン,冰之漩渦,,
skill_entry.18.12,skill_entry,Skill[*][18][12][0],Ice Tempest,アイステンペスト,冰風暴,,
skill_entry.18.13,skill_entry,Skill[*][18][13][0],Time Bomb,ディレイドボム,心靈爆震,,
skill_entry.18.14,skill_entry,Skill[*][18][14][0],Thunder Storm,サンダーストーム,雷電風暴,,
skill_entry.18.15,skill_entry,Skill[*][18][15][0],Meteor Shower,メテオストーム,流星風暴,,
skill_entry.19.0,skill_entry,Skill[*][19][0][0],Memorize,メモライズ,記憶咒法,,
skill_entry.19.1,skill_entry,Skill[*][19][1][0],Teleport,トランスポート,移動咒法,,
skill_entry.19.2,skill_entry,Skill[*][19][2][0],Intelletto,インテレット,長存咒法,,
skill_entry.19.3,skill_entry,Skill[*][19][3][0],Supreme Mind,マインドスプリーム,精神具現,,
skill_entry.19.4,skill_entry,Skill[*][19][4][0],Soul Blight,ソウルブライト,靈魂之光,,
skill_entry.19.5,skill_entry,Skill[*][19][5][0],Mana Shield,マナシールド,魔力屏障,,
skill_entry.19.6,skill_entry,Skill[*][19][6][0],Clear Mind,フォローウィンド,風行,,
skill_entry.19.7,skill_entry,Skill[*][19][7][0],Psychic Blade,フライングエッジ,虛空之刃,,
skill_entry.19.8,skill_entry,Skill[*][19][8][0],Blockade,ペインシェントウォール,土牆術,,
skill_entry.19.9,skill_entry,Skill[*][19][9][0],Summon Sandman,コールサンドマン,沙之龍,,
skill_entry.19.10,skill_entry,Skill[*][19][10][0],Malevolent Plant,イーヴルプラント,樹人召喚,,
skill_entry.20.0,skill_entry,Skill[*][20][0][0],Dark Shield,ダークフィッテスト,黑暗吸收,,
skill_entry.20.1,skill_entry,Skill[*][20][1][0],Conceal,ステルストリップ,偽裝結界,,
skill_entry.20.2,skill_entry,Skill[*][20][2][0],Infect,ポイズンシェル,劇毒孢子,,
skill_entry.20.3,skill_entry,Skill[*][20][3][0],Gloom,グルーミーエフェクト,黑暗契約,,
skill_entry.20.4,skill_entry,Skill[*][20][4][0],Blood Drain,ブラッドドレイン,吸血術,,
skill_entry.20.5,skill_entry,Skill[*][20][5][0],Mind Venom,ベノムコロージョン,毒液腐蝕,,
skill_entry.20.6,skill_entry,Skill[*][20][6][0],Dispel,ディスペル,魔法抹滅,,
skill_entry.20.7,skill_entry,Skill[*][20][7][0],Resist Malice,レジストマリス,毒系抗性,,
skill_entry.20.8,skill_entry,Skill[*][20][8][0],Undermine,エーテルフレア,心靈侵害,,
skill_entry.20.9,skill_entry,Skill[*][20][9][0],Pestilence,ヘイトリッドペスト,劇毒之源,,
skill_entry.20.10,skill_entry,Skill[*][20][10][0],Equalize,ストリップフォース,削弱心智,,
skill_entry.20.11,skill_entry,Skill[*][20][11][0],Dark Frenzy,ダークフレンジー,黑暗狂熱,,
skill_entry.21.0,skill_entry,Skill[*][21][0][0],Stasis,タイムステイシス,思考凝結,,
skill_entry.21.1,skill_entry,Skill[*][21][1][0],Leaden Hooves,ホリッドミラージュ,魔法,,
skill_entry.21.2,skill_entry,Skill[*][21][2][0],Enfeeble,フィーブル,迷惑詛咒,,
skill_entry.21.3,skill_entry,Skill[*][21][3][0],Sandstorm,サンドマントルネード,風沙襲,,
skill_entry.21.4,skill_entry,Skill[*][21][4][0],Psionic Blast,サイオニックブラスト,精神制裁,,
skill_entry.21.5,skill_entry,Skill[*][21][5][0],Weaken,ウィークネス,毀滅鎧甲,,
skill_entry.21.6,skill_entry,Skill[*][21][6][0],Impede,スロウイベイド,步伐緩慢,,
skill_entry.21.7,skill_entry,Skill[*][21][7][0],Resist Charm,レジストチャーム,秘法抗性,,
skill_entry.21.8,skill_entry,Skill[*][21][8][0],Icy Strike,チルストライク,寒冷意念,,
skill_entry.21.9,skill_entry,Skill[*][21][9][0],Wasteland,ベノムスワンプ,劇毒沼,,
skill_entry.21.10,skill_entry,Skill[*][21][10][0],Siren Storm,サイレンストーム,靜默風暴,,
skill_entry.21.11,skill_entry,Skill[*][21][11][0],Cursed Bolt,プレイグカース,惡念之箭,,
skill_entry.24.0,skill_entry,Skill[*][24][0][0],Jousting,メレーライディング,騎乘攻擊,,
skill_entry.24.1,skill_entry,Skill[*][24][1][0],Jousting,メレーライディング,騎乘攻擊,,
skill_entry.24.2,skill_entry,Skill[*][24][2][0],Horse Archer,ヤブサメライディング,騎乘中射擊,,
skill_entry.24.3,skill_entry,Skill[*][24][3][0],Median Riding,メディアライディング,騎手之魂,,
skill_entry.24.4,skill_entry,Skill[*][24][4][0],Summon Vehicle,サモンヴィークル,召喚,,
skill_entry.24.5,skill_entry,Skill[*][24][5][0],Horse Guardian,ホースプロテクション,騎士守護,,
skill.0,skill,Name.Skill[0],Melee,近接,接近,,
skill.1,skill,Name.Skill[1],Slash,斬る,斬殺,,
skill.2,skill,Name.Skill[2],Thrust,突く,突刺,,
skill.3,skill,Name.Skill[3],Cleave,払う,揮砍,,
skill.4,skill,Name.Skill[4],Bash,打撃,打擊,,
skill.5,skill,Name.Skill[5],Defend,防御,防禦,,
skill.6,skill,Name.Skill[6],Technique,技巧,刺殺,,
skill.7,skill,Name.Skill[7],Shot,射撃,射擊,,
skill.8,skill,Name.Skill[8],Alchemy,調合,調合,,
skill.9,skill,Name.Skill[9],Assassination,暗殺,暗殺,,
skill.10,skill,Name.Skill[10],Trapping,仕掛,機關,,
skill.11,skill,Name.Skill[11],Dodge,回避,迴避,,
skill.12,skill,Name.Skill[12],Grace,祈祷,神聖,,
skill.13,skill,Name.Skill[13],Banevolence,慈愛,慈愛,,
skill.14,skill,Name.Skill[14],Blessing,祝福,祝福,,
skill.15,skill,Name.Skill[15],Exorcism,祓魔,退魔,,
skill.16,skill,Name.Skill[16],Hymn,聖歌,聖歌,,
skill.17,skill,Name.Skill[17],Magic,魔術,魔法,,
skill.18,skill,Name.Skill[18],Elemental,元素,元素,,
skill.19,skill,Name.Skill[19],Invocation,具現,具現,,
skill.20,skill,Name.Skill[20],Darkness,暗黒,暗黑,,
skill.21,skill,Name.Skill[21],Confusion,惑乱,咒術,,
skill.22,skill,Name.Skill[22],Special,特殊,其他,,
skill.23,skill,Name.Skill[23],Racial,種族,種族,,
skill.24,skill,Name.Skill[24],Horsemanship,騎乗,騎乘,,
soul.1,soul,SoulData[*][1][0],(Snow Soul),雪の魂,(雪的魂魄),,
soul.2,soul,SoulData[*][2][0],(Beast Soul),獣の魂,(獸的魂魄),,
soul.3,soul,SoulData[*][3][0],(King Soul),王者の魂,(國王的魂魄),,
soul.4,soul,SoulData[*][4][0],(Oak soul),オークの魂,(奧克的魂魄),,
soul.5,soul,SoulData[*][5][0],(Tyrannical soul),暴君の魂,(暴君的魂魄),,
soul.6,soul,SoulData[*][6][0],(Fall Soul),不倒の魂,(不倒的魂魄),,
soul.7,soul,SoulData[*][7][0],(Giant Slug Soul),ジャイアントスラッグの魂,(巨人彈頭的魂魄),,
soul.8,soul,SoulData[*][8][0],(Veteran Soul),歴戦の魂,(龍兵役的魂魄),,
soul.9,soul,SoulData[*][9][0],(Power Soul),力の魂,(隊的魂魄),,
soul.10,soul,SoulData[*][10][0],(Embers Soul),灰燼の魂,(灰的魂魄),,
soul.11,soul,SoulData[*][11][0],(Berserker Soul),狂戦士の魂,(狂戰士的魂魄),,
soul.12,soul,SoulData[*][12][0],(Ruby soul),紅玉の魂,(紅寶石的魂魄),,
soul.13,soul,SoulData[*][13][0],(Bokuraggu Soul),ボクラッグの魂,(Bokuraggu的魂魄),,
soul.14,soul,SoulData[*][14][0],(Rubber Soul),豪腕の魂,(橡膠手臂的魂魄),,
soul.15,soul,SoulData[*][15][0],(Diamond soul),金剛石の魂,(鑽石的魂魄),,
soul.16,soul,SoulData[*][16][0],(Hikyaku soul),飛脚の魂,(特快信使的魂魄),,
soul.17,soul,SoulData[*][17][0],(Skanda Soul),韋駄天の魂,(韋駄天的魂魄),,
soul.18,soul,SoulData[*][18][0],(Coward Soul),臆病者の魂,(懦夫的魂魄),,
soul.19,soul,SoulData[*][19][0],(Needle Soul),針の魂,(針的魂魄),,
soul.20,soul,SoulData[*][20][0],(Chocolate Soul),チョコの魂,(巧克力的魂魄),,
soul.21,soul,SoulData[*][21][0],(Pray Soul),祈雨の魂,(有雨的祈的魂魄禱),,
soul.22,soul,SoulData[*][22][0],(Hawk Soul),鷹の魂,(鷹的魂魄),,
soul.23,soul,SoulData[*][23][0],(Cactus Soul),サボテンの魂,(仙人掌的魂魄),,
soul.24,soul,SoulData[*][24][0],(Shadow Soul),影の魂,(影子的魂魄),,
soul.25,soul,SoulData[*][25][0],(Dimension oul)),次元の魂,(ð的魂魄),,
soul.26,soul,SoulData[*][26][0],(Wandering Soul),彷徨う魂,(遊魂的魂魄),,
soul.27,soul,SoulData[*][27][0],(Dreary soul),炎天の魂,(烈日的魂魄),,
soul.28,soul,SoulData[*][28][0],(Pumpkin Soul),カボチャの魂,(南瓜的魂魄),,
soul.29,soul,SoulData[*][29][0],(Spirit Soul),精霊の魂,(精神的魂魄),,
soul.30,soul,SoulData[*][30][0],(Priestly Soul),聖職者の魂,(教士的魂魄),,
soul.31,soul,SoulData[*][31][0],(Moon Soul),月の魂,(五月的魂魄),,
soul.32,soul,SoulData[*][32][0],(Enlightenment Soul),悟りの魂,(啟示的魂魄),,
soul.33,soul,SoulData[*][33][0],(Mage Soul),魔導師の魂,(惡魔大師的魂魄),,
soul.34,soul,SoulData[*][34][0],(Skeleton Soul),スケルトンの魂,(斯凱爾頓的魂魄),,
soul.35,soul,SoulData[*][35][0],(Clown Soul),道化師の魂,(小丑的魂魄),,
soul.36,soul,SoulData[*][36][0],(Kotodama Soul),言霊の魂,(電力語言的魂魄),,
soul.37,soul,SoulData[*][37][0],(Blue Ball soul),蒼玉の魂,(藍色球的魂魄),,
soul.38,soul,SoulData[*][38][0],(Intellectual soul),知的な魂,(知識產權的魂魄),,
soul.39,soul,SoulData[*][39][0],(Brilliant Soul),才気の魂,(機智魂魄),,
soul.40,soul,SoulData[*][40][0],(Neumann Soul),ノイマンの魂,(諾伊曼的魂魄),,
soul.41,soul,SoulData[*][41][0],(Vegetation Soul),草木の魂,(植物的魂魄),,
soul.42,soul,SoulData[*][42][0],(Design Soul),デザ魂,(設計的魂魄),,
soul.43,soul,SoulData[*][43][0],(Tree Soul),大木の魂,(大樹的魂魄),,
soul.44,soul,SoulData[*][44][0],(Workers Soul),労働者の魂,(工人的魂魄),,
soul.45,soul,SoulData[*][45][0],(Vitality Soul),生命力の魂,(活力的魂魄),,
soul.46,soul,SoulData[*][46][0],(Anger Soul),怒りの魂,(憤怒的魂魄),,
soul.47,soul,SoulData[*][47][0],(Forest Soul),樹海の魂,(廣泛的森林的魂魄),,
soul.48,soul,SoulData[*][48][0],(Indomitable Soul),不屈の魂,(堅忍不拔的魂魄),,
soul.49,soul,SoulData[*][49][0],(Knight Soul),騎士の魂,(騎士的魂魄),,
soul.50,soul,SoulData[*][50][0],(Life Soul),命の魂,(生活的魂魄),,
soul.51,soul,SoulData[*][51][0],(Mystic Soul),神秘の魂,(神秘的魂魄),,
soul.52,soul,SoulData[*][52][0],(Mana Soul),マナの魂,(法力的魂魄),,
soul.53,soul,SoulData[*][53][0],(Fountain Soul),泉の魂,(春天的魂魄),,
soul.54,soul,SoulData[*][54][0],(Spiritual Soul),精神力の魂,(精神力量的魂魄),,
soul.55,soul,SoulData[*][55][0],(Philosopher Soul),賢人の魂,(智者的魂魄),,
soul.56,soul,SoulData[*][56][0],(Force Soul),理力の魂,(修勉的魂魄),,
soul.57,soul,SoulData[*][57][0],(Flexible soul),柔軟な魂,(靈活的魂魄),,
soul.58,soul,SoulData[*][58][0],(Plasma’s Soul),プラズマの魂,(等離子體的魂魄),,
soul.59,soul,SoulData[*][59][0],(Candy Soul),キャンディの魂,(糖果的魂魄),,
soul.60,soul,SoulData[*][60][0],(Cheer up Soul),奮い立つ魂,(高興起來的魂魄),,
soul.61,soul,SoulData[*][61][0],(Evening Soul),宵の魂,(晚上的魂魄),,
soul.62,soul,SoulData[*][62][0],(Goddess soul),女神の魂,(女神的魂魄),,
soul.63,soul,SoulData[*][63][0],(Accelerate Soul),加速する魂,(加快的魂魄),,
soul.64,soul,SoulData[*][64][0],(Tough Soul),強靭の魂,(強的魂魄),,
soul.65,soul,SoulData[*][65][0],(Giants Soul),巨人の魂,(巨人的魂魄),,
soul.66,soul,SoulData[*][66][0],(Gambling Soul),ギャンブルの魂,(賭博的魂魄),,
soul.67,soul,SoulData[*][67][0],(Afraid Soul),省みぬ魂,(不敢魂魄),,
soul.68,soul,SoulData[*][68][0],(Steroids soul),怪力の魂,(神力的魂魄),,
soul.69,soul,SoulData[*][69][0],(Hedgehog Soul),針鼠の魂,(刺猬的魂魄),,
soul.70,soul,SoulData[*][70][0],(Rowdy Soul),荒ぶる者の魂,(誰冒充野生的魂魄),,
soul.71,soul,SoulData[*][71][0],(Great warrior Soul),大戦士の魂,(偉大的戰士的魂魄),,
soul.72,soul,SoulData[*][72][0],(Magic Soul),魔力の魂,(巫術的魂魄),,
soul.73,soul,SoulData[*][73][0],(Darkness Soul),魔界の魂,(飼的魂魄),,
soul.74,soul,SoulData[*][74][0],(Sage Soul),賢者の魂,(聖人的魂魄),,
soul.75,soul,SoulData[*][75][0],(Great wizard Soul),大魔法使いの魂,(大巫師的魂魄),,
soul.76,soul,SoulData[*][76][0],(Caterpillar Soul),芋虫の魂,(蠕蟲的魂魄),,
soul.77,soul,SoulData[*][77][0],(Dead Soul),亡者の魂,(死的魂魄),,
soul.78,soul,SoulData[*][78][0],(Defense-only Soul),専守の魂,(専守的魂魄),,
soul.79,soul,SoulData[*][79][0],(Guardian Soul),守護者の魂,(衛報的魂魄),,
soul.80,soul,SoulData[*][80][0],(Iron Soul),鋼の魂,(鋼的魂魄),,
soul.81,soul,SoulData[*][81][0],(Turtle Soul),百年亀の魂,(森特尼爾龜的魂魄),,
soul.82,soul,SoulData[*][82][0],(Clyde Soul),石頭の魂,(偏執的魂魄),,
soul.83,soul,SoulData[*][83][0],(Protection Soul),加護の魂,(神的保護的魂魄),,
soul.84,soul,SoulData[*][84][0],(Stiffness soul),剛性の魂,(剛度的魂魄),,
soul.85,soul,SoulData[*][85][0],(Temptation Soul),誘惑の魂,(誘惑的魂魄),,
soul.86,soul,SoulData[*][86][0],(Mukuro Soul),骸の魂,(屍體的魂魄),,
soul.87,soul,SoulData[*][87][0],(Neutral area Soul),中立領の魂,(中立領土魂魄),,
soul.88,soul,SoulData[*][88][0],(Steel Soul),鋼鉄の魂,(鋼的魂魄),,
soul.89,soul,SoulData[*][89][0],(Souls know the pain),痛みを知らぬ魂,(知道痛的魂魄),,
soul.90,soul,SoulData[*][90][0],(Insect Soul),虫除けの魂,(昆蟲的魂魄),,
soul.91,soul,SoulData[*][91][0],(Shooter Soul),狩猟者の魂,(射手的魂魄),,
soul.92,soul,SoulData[*][92][0],(Monk Soul),修道士の魂,(僧侶的魂魄),,
soul.93,soul,SoulData[*][93][0],(Paladin Soul),聖戦士の魂,(聖鬥士的魂魄),,
soul.94,soul,SoulData[*][94][0],(Bird Soul),鳥の魂,(鳥類的魂魄),,
soul.95,soul,SoulData[*][95][0],(Qing Soul),清魂の魂,(清代的魂魄),,
soul.96,soul,SoulData[*][96][0],(Golem Soul),ゴーレムの魂,(傀儡的魂魄),,
soul.97,soul,SoulData[*][97][0],(Exorcises Soul),祓魔の魂,(祓魔的魂魄),,
soul.98,soul,SoulData[*][98][0],(Psychology Soul),心理の魂,(心理學的魂魄),,
soul.99,soul,SoulData[*][99][0],(Hunter Soul),狩人の魂,(獵人的魂魄),,
soul.100,soul,SoulData[*][100][0],(Assess soul),見極める魂,(評估的魂魄),,
soul.101,soul,SoulData[*][101][0],(Watch Soul),見張りの魂,(觀看的魂魄),,
soul.102,soul,SoulData[*][102][0],(Dog Soul),狛の魂,(科馬的魂魄),,
soul.103,soul,SoulData[*][103][0],(Fleet-footed spirit),俊足の魂,(人才的魂魄),,
soul.104,soul,SoulData[*][104][0],(Midget Soul),小人の魂,(矮人魂魄),,
soul.105,soul,SoulData[*][105][0],(Expect soul),予期する魂,(期望的魂魄),,
soul.106,soul,SoulData[*][106][0],(Dance Soul),踊る魂,(舞蹈的魂魄),,
soul.107,soul,SoulData[*][107][0],(Shadows foot Soul),影足の魂,(影腳的魂魄),,
soul.108,soul,SoulData[*][108][0],(Assassins Soul),暗殺者の魂,(刺客的魂魄),,
soul.109,soul,SoulData[*][109][0],(Good luck Soul),幸運の魂,(好運氣的魂魄),,
soul.110,soul,SoulData[*][110][0],(Lucky Soul),強運の魂,(好運氣的魂魄),,
soul.111,soul,SoulData[*][111][0],(Detect Soul),見破る魂,(檢測的魂魄),,
soul.112,soul,SoulData[*][112][0],(Deadly soul),致命の魂,(致命的魂魄),,
soul.113,soul,SoulData[*][113][0],(Gale Soul),疾風の魂,(大風的魂魄),,
soul.114,soul,SoulData[*][114][0],(Swordsman Soul),剣士の魂,(劍客的魂魄),,
soul.115,soul,SoulData[*][115][0],(Fast Soul),言走りの魂,(語言運行的魂魄),,
soul.116,soul,SoulData[*][116][0],(Impatient Soul),せっかちな魂,(性急的的魂魄),,
soul.117,soul,SoulData[*][117][0],(Horse killer soul),斬馬の魂,(馬殺手的魂魄),,
soul.118,soul,SoulData[*][118][0],(Festival Soul (1)),祭典の魂,(節的魂魄),,
soul.119,soul,SoulData[*][119][0],(Peace Soul (1)),平和の魂,(和平的魂魄),,
soul.120,soul,SoulData[*][120][0],(Peace Soul (2)),和平の魂,(和平的魂魄),,
soul.121,soul,SoulData[*][121][0],(Change Soul),変化の魂,(變更的魂魄),,
soul.122,soul,SoulData[*][122][0],(Hold Soul),ふんばる魂,(掛在的魂魄),,
soul.123,soul,SoulData[*][123][0],(Cleanliness Soul),清浄された魂,(潔淨度的魂魄),,
soul.124,soul,SoulData[*][124][0],(Desert Soul),砂漠の魂,(沙漠的魂魄),,
soul.125,soul,SoulData[*][125][0],(Sunshine Soul),日光の魂,(太陽的魂魄),,
soul.126,soul,SoulData[*][126][0],(Fairy Soul),妖精の魂,(仙女的魂魄),,
soul.127,soul,SoulData[*][127][0],(Elements Soul),元素の魂,(元素魂魄),,
soul.128,soul,SoulData[*][128][0],(Flame Soul),炎の魂,(消防的魂魄),,
soul.129,soul,SoulData[*][129][0],(Ice Soul),氷の魂,(冰的魂魄),,
soul.130,soul,SoulData[*][130][0],(Hermit Soul),隠者の魂,(隱士的魂魄),,
soul.131,soul,SoulData[*][131][0],(Corruption Soul),腐敗の魂,(腐敗的魂魄),,
soul.132,soul,SoulData[*][132][0],(Sat ice Soul),氷土の魂,(坐在冰的魂魄),,
soul.133,soul,SoulData[*][133][0],(Snowball soul),雪玉の魂,(雪球的魂魄),,
soul.134,soul,SoulData[*][134][0],(Earth Soul),大地の魂,(地球的魂魄),,
soul.135,soul,SoulData[*][135][0],(Thunder Soul),雷の魂,(雷聲的魂魄),,
soul.136,soul,SoulData[*][136][0],(Not be fooled Soul),不惑の魂,(以下正確的的魂魄道路),,
soul.137,soul,SoulData[*][137][0],(Natural Soul),自然の魂,(自然的魂魄),,
soul.138,soul,SoulData[*][138][0],(Stigmata Soul),聖痕の魂,(聖痕魂魄),,
soul.139,soul,SoulData[*][139][0],(Holy Soul),聖なる魂,(聖的魂魄),,
soul.140,soul,SoulData[*][140][0],(Dark Soul),暗黒の魂,(黑暗的魂魄),,
soul.141,soul,SoulData[*][141][0],(Docter Soul),博士の魂,(博士的魂魄),,
soul.142,soul,SoulData[*][142][0],(Universal soul),自在な魂,(靈活的魂魄),,
soul.143,soul,SoulData[*][143][0],(Festival Soul (2)),祝祭の魂,(節的魂魄),,
soul.144,soul,SoulData[*][144][0],(Immortal soul),不滅の魂,(不朽的魂魄),,
soul.145,soul,SoulData[*][145][0],(Rat Soul),大鼠の魂,(大鼠的魂魄),,
soul.146,soul,SoulData[*][146][0],(Yeti Soul),雪男の魂,(雪人的魂魄),,
soul.147,soul,SoulData[*][147][0],(Prevent ice Soul),耐氷の魂,(冰的魂魄),,
soul.148,soul,SoulData[*][148][0],((Steadfast Soul),不動の魂,(不動的魂魄),,
soul.149,soul,SoulData[*][149][0],(Immobility Soul),転ばぬ先の魂,(比抱歉的魂魄),,
soul.150,soul,SoulData[*][150][0],(Nightmare Soul),悪夢の魂,(夢魘的魂魄),,
soul.151,soul,SoulData[*][151][0],(Insomnia Soul),不眠の魂,(失眠的魂魄),,
soul.152,soul,SoulData[*][152][0],(Weak Soul),弱者の魂,(弱的魂魄),,
soul.153,soul,SoulData[*][153][0],(Blind Soul),盲目の魂,(失明的魂魄),,
soul.154,soul,SoulData[*][154][0],(Slow runner Soul),鈍足の魂,(腳沉悶的魂魄),,
soul.155,soul,SoulData[*][155][0],(Unhappy Soul),不幸の魂,(不快樂的魂魄),,
soul.156,soul,SoulData[*][156][0],(Lisp Soul),舌足らずの魂,(口齒不清的魂魄),,
soul.157,soul,SoulData[*][157][0],(Sniper soul),狙撃の魂,(鷸的魂魄),,
soul.158,soul,SoulData[*][158][0],(Crescent Soul),三日月の魂,(新月的魂魄),,
soul.159,soul,SoulData[*][159][0],(Bulletproof Soul),鉄壁の魂,(鐵定的魂魄),,
soul.160,soul,SoulData[*][160][0],(Barrier Soul),障壁の魂,(屏障的魂魄),,
soul.161,soul,SoulData[*][161][0],(Blessed Soul),祝福の魂,(祝福的魂魄),,
soul.162,soul,SoulData[*][162][0],(Halloween Soul),ハロウィンの魂,(萬聖節的魂魄),,
soul.163,soul,SoulData[*][163][0],(Mirror Soul),鏡の魂,(鏡子的魂魄),,
soul.164,soul,SoulData[*][164][0],(Parade Soul),パレードの魂,(閱兵的魂魄),,
soul.165,soul,SoulData[*][165][0],(Nonstop Soul),止まらない魂,(停止的魂魄),,
soul.166,soul,SoulData[*][166][0],(Noise Soul),騒音の魂,(噪音的魂魄),,
soul.167,soul,SoulData[*][167][0],(Demolition soul),解体の魂,(拆除的魂魄),,
soul.168,soul,SoulData[*][168][0],(Shock Soul),衝撃の魂,(影響的魂魄),,
soul.169,soul,SoulData[*][169][0],(Fat Soul),太った魂,(脂肪的魂魄),,
soul.170,soul,SoulData[*][170][0],(Poison Soul),毒蟲の魂,(毒蟲的魂魄),,
soul.171,soul,SoulData[*][171][0],(Sleeping Soul),眠れる魂,(睡眠的魂魄),,
soul.172,soul,SoulData[*][172][0],(Silent Soul),沈黙の魂,(沉默的魂魄),,
soul.173,soul,SoulData[*][173][0],(Mirage Soul),蜃気楼の魂,(幻象魂魄),,
soul.174,soul,SoulData[*][174][0],(Cursed Soul),呪われた魂,(被詛咒的魂魄),,
soul.175,soul,SoulData[*][175][0],(Thorns Soul),茨の魂,(茨城的魂魄),,
soul.176,soul,SoulData[*][176][0],(Dull Soul),ノロノロの魂,(呆滯魂魄),,
soul.177,soul,SoulData[*][177][0],(Heroes Soul),英雄の魂,(英雄的魂魄),,
soul.178,soul,SoulData[*][178][0],(Master soul),達人の魂,(專家的魂魄),,
soul.179,soul,SoulData[*][179][0],Vampire’s Soul,吸血鬼の魂,(吸血鬼的魂魄),,
soul.180,soul,SoulData[*][180][0],(Thunderbolt Soul),落雷の魂,(雷擊魂魄),,
soul.181,soul,SoulData[*][181][0],(Clench Soul),食いしばる魂,(砂礫的魂魄),,
soul.182,soul,SoulData[*][182][0],(Phoenix Soul),不死鳥の魂,(鳳凰魂魄),,
soul.183,soul,SoulData[*][183][0],(Soul of soul),魂の魂,(魂魄的魂魄),,
soul.184,soul,SoulData[*][184][0],(Design Soul II),デザ魂Ⅱ,(設計的魂魄2),,
